receipt	line	L	T	paper	printed_ulp	verdict	via	T_over_half_ulp
receipts/P15_CR_cosmology/P15_the_acoustic_contrast_is_not_in_the_source_and_the_projection_makes_it_without_the_distance.py	422	1.04	0.01	CR_cosmology.tex	0.001	SLACK	w1-any-paper	20
receipts/P15_CR_cosmology/P15_the_fit_has_the_controls_freedom_and_the_contrast_the_data_ask_for_lies_outside_every_direction_it_has.py	313	88.0	4.0	canonical_time.tex	1.0	SLACK	w1-any-paper	8
receipts/P15_CR_cosmology/P15_the_licensed_rebuild_leaves_all_three_rigidity_numbers_where_they_were_and_the_forbidden_one_puts_the_arm_on_the_controls_own_floor.py	110	278.8	0.1	CR_cosmology.tex	0.1	SLACK	w1-any-paper	2
receipts/P15_CR_cosmology/P15_the_retention_is_the_combs_average_over_the_kernels_own_k_acceptance_and_the_law_has_no_fitted_coefficient.py	215	12.8	5.0	CR_cosmology.tex	0.1	SLACK	w1-any-paper	100
receipts/P10_canonical_time/LIFT_adiabatic_correction.py	32	3.338738	1e-06	CR_cosmology.tex	1e-07	SLACK	w1-any-paper	20
receipts/P15_CR_cosmology/P15_the_transmission_figure_is_deliverable_after_all_because_the_descending_sectors_eigenvalue_carries_no_squashing_so_constant_k_is_exact_exactly_where_the_sector_descends.py	198	2.4382e-08	1e-11	CR_cosmology.tex	1e-11	SLACK	w1-any-paper	2
receipts/P16_cosmogenesis_paper/P16_theory_error_and_likelihood.py	113	0.5	0.15	cosmogenesis_paper.tex	0.1	SLACK	w1-any-paper	3
receipts/P15_CR_cosmology/P15_the_licensed_configuration_moves_neither_statistic_and_the_swing_was_read_above_where_it_converges.py	282	-0.0636	0.0005	CR_cosmology.tex	0.0001	SLACK	w1-any-paper	10
receipts/L820_banked_spectra_sampling/S1_the_banked_spectra_are_nk600_not_nk260_and_pass_the_guard.py	102	5.7	0.1	CR_cosmology.tex	0.1	SLACK	w1-any-paper	2
receipts/P15_CR_cosmology/P15_the_fit_has_the_controls_freedom_and_the_contrast_the_data_ask_for_lies_outside_every_direction_it_has.py	296	56.4	1.5	CR_cosmology.tex	0.1	SLACK	w1-any-paper	30
receipts/P15_CR_cosmology/P15_the_shared_fraction_does_not_mean_what_i_said_and_the_peak_trough_pattern_is_the_arms_alone.py	261	0.66	0.06	cosmogenesis_paper.tex	0.01	SLACK	w1-any-paper	12
receipts/L824_control_converges/S1_the_third_point_shows_the_control_converges_by_L3000_and_the_unlensed_floor_is_the_lensing.py	124	3.4	0.2	boundary_paper.tex	0.1	SLACK	w1-any-paper	4
receipts/P15_CR_cosmology/P15_zonset_determinations.py	51	301.76	0.01	CR_cosmology.tex	0.01	SLACK	w1-any-paper	2
receipts/L147_two_arm/B4_the_intercept_is_a_phase_and_the_control_proves_it.py	172	0.62	0.02	matter_sector_paper.tex	0.01	SLACK	w1-any-paper	4
receipts/P03_SdS_slicing/P03_the_interior_mass_function_is_p_equals_one_along_the_shell_and_the_charge_falls_short_of_the_equality_radius.py	310	0.01	0.001	CR_synthesis.tex	0.001	SLACK	w1-any-paper	2
receipts/P16_cosmogenesis_paper/P16_the_interior_to_observed_mode_map.py	54	7.8	0.3	cosmogenesis_paper.tex	0.1	SLACK	w1-any-paper	6
receipts/P15_CR_cosmology/P15_the_licensed_configuration_moves_neither_statistic_and_the_swing_was_read_above_where_it_converges.py	282	-0.0075	0.0005	CR_cosmology.tex	0.0001	SLACK	w1-any-paper	10
receipts/P02_janzen_circle/P02_the_approach_is_mass_free.py	153	3.32	0.02	CR_framework.tex	0.01	SLACK	w1-any-paper	4
receipts/P15_CR_cosmology/P15_verify_coherence_comb.py	59	296.0	1.0	CR_cosmology.tex	1.0	SLACK	w1-any-paper	2
receipts/P15_CR_cosmology/P15_the_fit_has_the_controls_freedom_and_the_contrast_the_data_ask_for_lies_outside_every_direction_it_has.py	290	278.8	1.5	CR_cosmology.tex	0.1	SLACK	w1-any-paper	30
