bucket	seat	sha	subject
CROSS-CLAIM	66	09161f5c	r7168: the metric-singularity result stands as a theorem of general relativity at every site that uses it -- o
CROSS-CLAIM	66	b5d8d879	r7170: the INDEX row asserted the negation of its own repaired receipt -- PO-78's tenth member, with the row a
OWN-CLAIM	60	027fe7e9	r7222: adjudicate the four quote-pin keys the addendum's own section introduced
OWN-CLAIM	60	08aa2b3d	r7238 (1 of 2) — S7: a wrapped quotation is not an absence, and 120 of its 218 ABSENT were that
OWN-CLAIM	60	0948edec	r7222: there is no contested direction -- the enclosed-mass quotient cannot fall below one
OWN-CLAIM	60	0a0cc9a1	r7214 pre-registration: PO-78 unread-figure backlog, this seat own six, and whether the class is what its name
OWN-CLAIM	60	13fd90e5	r7190: order (2) answered POSITIVE -- the tensor floor is derivable on the construction's own S^3, and the gap
OWN-CLAIM	60	14c24e85	r7182: the clause 66 wrote on this seat's offer says exactly what its receipt supports and no more, so the gra
OWN-CLAIM	60	1806a37e	r7230: the source half is blinder, and the class is mostly a receipt pinning a ledger
OWN-CLAIM	60	187d4e4e	r7228: PO-78 read by reversal -- one in four of the paper pins would notice
OWN-CLAIM	60	18e6f17c	r7206 pre-registration: can the one equality be seconded from another side, with the row-ending outcome tabled
OWN-CLAIM	60	1a85f208	r3870 claim — PO-24 step 1: the control run, and the numbers it moves.
OWN-CLAIM	60	1cff3c1d	r7220: report the elapsed time instead of gating on it, and correct the gate count
OWN-CLAIM	60	1f387a7c	r7212: the set-shaped class tree-wide -- the gate layer is clean and the standing guard is a tautology at the 
OWN-CLAIM	60	202659e1	r7226: the enumeration derived from the construction has TWO members, and the row's own identity is one of the
OWN-CLAIM	60	2b2440c1	r7188: the gap IS explained, by the measurement the removed timing gate had already taken -- and the earlier c
OWN-CLAIM	60	3139aebe	r7204: the OPEN subclass of the quote-pin backlog is read in full, and the flag separates nothing
OWN-CLAIM	60	32074137	r7188 fix: I broke my own receipt by pushing -- the gate read a fixed-size window and I grew the text inside i
OWN-CLAIM	60	33d55ae4	r7156 amended: the invariant checks are symbolic identities in alpha, and r7157 is answered
OWN-CLAIM	60	3716906b	r7170: the four-dimensional step -- the economy is kept, and more of it than the three-layer route ever had, b
OWN-CLAIM	60	37bdf70e	r7216: r7195 answered -- the three labels are repaired, and the cosmic two is the ratio of the two seams' own 
OWN-CLAIM	60	431a8a44	r7178: order r7168 answered -- the payoff count of one is right, and P1 carries the existence/occurrence disti
OWN-CLAIM	60	49bdc46d	r7198: PO-78 worked rather than counted -- the quote-pin backlog falls by sixty-six, and the receipt's own che
OWN-CLAIM	60	4bccea92	r7238 (2 of 2) — the wrap fix agrees with 70 key for key, and the exposed convention is the window not the end
OWN-CLAIM	60	5416a341	r7220 in progress: memoise r7170's radial reduction — the part of the cost that was free to remove
OWN-CLAIM	60	59cf3371	r7180: PO-75's supplier was already in print -- the row's real content is the floor, which is asserted at thre
OWN-CLAIM	60	5d827dbd	r7096 addendum: r7092's receipt re-pointed too, the standing form met twice on one file
OWN-CLAIM	60	60dc8766	r7168: PO-83 taken -- the row does not move, because the companion avoids the obstruction by a symmetry rather
OWN-CLAIM	60	62ebb5a5	r7184: the transmission figure is deliverable after all -- the descending sector's eigenvalue carries no squas
OWN-CLAIM	60	63cfbce5	r7224: PO-31's terminal clause is not checkable as written, and not for the reason the pre-registration expect
OWN-CLAIM	60	6512bf62	r7230 repair: adjudicate the three quote-pin keys the r7224 repair added
OWN-CLAIM	60	6c089053	r7204 fixup: the two-state cover looks the row up in a form that admits the struck spelling
OWN-CLAIM	60	6d3b1ead	r7218 pre-registration: what a wrong clock does to an l-running acoustic phase, and where it lands on the two 
OWN-CLAIM	60	756c0b99	r7200: the pending stretch decision cannot move the projection join's result, and the two figures it can move 
OWN-CLAIM	60	7f06a92f	r7202: the rate rule reaches the projection only through the identification, and the three routes are two grou
OWN-CLAIM	60	8372281b	r7236 PRE-REGISTRATION — the kernel's phase difference between the arms, in ONE form, before any evaluation
OWN-CLAIM	60	878a4285	r7092, addendum answering r7093: the refit grid is already the faithful configuration, and the ruling's commit
OWN-CLAIM	60	90e34c11	r7186: order (1) answered NEGATIVE as pre-registered -- the crossing cannot share a measure with the layer's p
OWN-CLAIM	60	9474825e	r6926 part 1 -- the determined radiation fraction 0.0539 -> 0.05451 across every receipt that hard-coded it, a
OWN-CLAIM	60	9678a192	r7196: the projection join inverts the picture the offer was made on -- the projection costs least one degree 
OWN-CLAIM	60	987ee044	r7150 amendment -- r7146 pinned two clauses its own row asked to be changed, so it went red on the success of 
OWN-CLAIM	60	98d11b2d	r7188: the budget declaration, its index row, and the measurement the first completing run supplied -- which s
OWN-CLAIM	60	a135324a	r7214 part one: the six unread-figure sites this seat owns are repaired by reading the paper, and the backlog 
OWN-CLAIM	60	a33edebe	r7172: the exponent is not delivered, and it is the pre-authorised outcome -- the bridge is exact on the spect
OWN-CLAIM	60	a6f9dea2	r7206: the search for a second support comes back empty, and with a reason -- the rays that carry the flat len
OWN-CLAIM	60	adb4ea53	r7206 addendum: two older receipts of this seat's pinned a FORM where the argument needed the CONTENT
OWN-CLAIM	60	addf9474	r7186 pre-registration: which way I expect the third transport question, written before anything is computed
OWN-CLAIM	60	ae6badb2	r7194: the composition route is answered negative too -- the eigenvalue divergence lives on the leg the transp
OWN-CLAIM	60	ae974e42	r7192: the dipole parenthesis is right on its own tower and does not reach the other one -- two papers, two to
OWN-CLAIM	60	b073bf15	r7232: the exposure is zero, so r7217 was right about the count -- and the class was already registered
OWN-CLAIM	60	b0e79e3d	r7176: the kappa/lambda/shear trio routed to P07 is a PAIR -- the foliation's umbilicity and the photon sphere
OWN-CLAIM	60	b13d9deb	r7142 amendment -- r7140's Ⓐ③ was an EXCLUSIVE disjunction and went red on the success of its own work; it now
OWN-CLAIM	60	b2543128	r7174: PO-84 taken unassigned and it discharges on its first branch -- the charge is carried, the corpus alrea
OWN-CLAIM	60	bfa6c6bc	r7234 PRE-REGISTRATION — the peak-spacing drift: sign, size and the refuting outcomes, before any computation
OWN-CLAIM	60	bfbb75cd	r7164: both r7163 orders answered -- no paper fixes the primordial normalisation, and the L-to-ell map is a pr
OWN-CLAIM	60	c04acd89	r7208 addendum: a fourth instance of the family, in r7208's own receipt, and CI found this one first
OWN-CLAIM	60	c2c5b8e9	r7228 repair: conform to the census's recognised exit spelling, and route why
OWN-CLAIM	60	c6d41175	r7222 addendum: this push broke one of this seat's own gates by ADDING a file, and the repair is the subtracti
OWN-CLAIM	60	cc2226e8	r7208: the second face of r7204's class swept over this seat's own work, and the one live instance was r7198 t
OWN-CLAIM	60	ce4d9e97	r6926 part 2 -- PO-58: the lift's own measure returns the same three quarters, so the derivation the read remo
OWN-CLAIM	60	ced76bf0	r7166: the vector and tensor sectors on the squashed layer, both taken -- the vector pointwise bound fails and
OWN-CLAIM	60	cf39335f	r7238 PRE-REGISTRATION — both of r7225's items predicted before either is run
OWN-CLAIM	60	d1a21627	r7212 pre-registration: the set-shaped class run tree-wide and over the gates
OWN-CLAIM	60	d1d91acd	r7206 fixup: the Einstein gate reads the paper in its own verdict, keeping the two objects apart
OWN-CLAIM	60	d8ef016e	r7214 addendum: r7212's own receipt carried the class it measures, and the trunk's r7193 is what found it
OWN-CLAIM	60	d9960320	r7228 PRE-REGISTRATION: the quote-pin that survives its own sentence's reversal
OWN-CLAIM	60	dbf85ff8	r7220 pre-registration: locate and remove the runtime tail in this line's own r7170 receipt
OWN-CLAIM	60	dd030cf5	r3802 claim — the Dirac sector on the unpolarised Gowdy-de Sitter member.
OWN-CLAIM	60	ddd5a668	r7212 fixup: the two detectors mis-flagged each other, and the reach modes get names
OWN-CLAIM	60	ded27eb6	r7210: r7191's first part answers no -- two things are missing and neither is the progenitor interior
OWN-CLAIM	60	e26e45d9	r7210 pre-registration: is the seam's radiated flux computable without the progenitor interior, with the fifth
OWN-CLAIM	60	ecd7327f	r7188 fix: a receipt cannot assert on wall-clock time, and two of this corpus's own instruments said so immedi
OWN-CLAIM	60	ee9b0fb6	r7216 pre-registration: r7195 taken, and the open question is whether the laps two exact twos are independent
OWN-CLAIM	60	f51b5708	r7096, re-pointed before pushing: the ionisation-history gate asserts the invariant the ruling needs, now that
OWN-CLAIM	60	fb18db74	r7214: an unread figure is a claim with no gate, and one of this seat's six was comparing against a number P15
OWN-CLAIM	60	fcd538ee	r7224 repaired: r7215's strike turned my own gate red, and the class is S3's
OWN-CLAIM	66	034f1d79	r7091 orders -- the job is the implementation's faithfulness to CR's physics, not numerics and not CR: 60 rule
OWN-CLAIM	66	04356d4e	r7179 orders — nothing ordered to any seat: every order outstanding is discharged, the four slack tolerances a
OWN-CLAIM	66	0683708e	r7107 orders -- TO 60: r7105's Q1 IS WITHDRAWN. THE REQUIREMENT IS THREE THINGS AND NO ONE PANEL HAS THEM. HOW
OWN-CLAIM	66	06a98187	r7197 orders — one to cc66 (the period-difference null, routed as it asked), one addition to 70's standing ord
OWN-CLAIM	66	0dd96179	r7079 orders -- 60: PO-71 Q1 in the order 60 set, the assembly before the invariant; 70: the derive-or-hold it
OWN-CLAIM	66	10cce0de	r7123 orders -- TO cc66: the C63 repair is the right form and two more sites of the same class are routed, B4 
OWN-CLAIM	66	16f129d3	r7093 orders -- the job stays the implementation's faithfulness: 70 establishes which model each published fig
OWN-CLAIM	66	1a701ce3	r7225 orders — 60: apply its own wrap fix that 70 routed back, and price the r_D convention under the floor it
OWN-CLAIM	66	1c86bf72	r7209 orders — nothing ordered; the gate built last revision to catch this was green over the defect, and that
OWN-CLAIM	66	1e9ee280	r7095 orders -- cc66 builds the conversion the rate rule licenses and splits the knob that cannot express it; 
OWN-CLAIM	66	211fe037	r7191 orders — all three seats given work: the visibility width, the seam's flux against PO-31, and the receip
OWN-CLAIM	66	238bf6d5	r7121 orders -- TO 60: PO-74 discharged and struck, the shape invariant and the unwarping both verified indepe
OWN-CLAIM	66	25722711	r7081 orders -- 60: (i), the closed forms proved rather than fitted, with an explicit stop condition; 70: land
OWN-CLAIM	66	2a9ddf07	r7193 orders — FOR_69: item 2 answered and in print, item 1 is a report from a stale tree, and 1(ii) inverts b
OWN-CLAIM	66	32fa47ec	r7185 orders — one to cc66 (what a crossing at finite proper time does to a mode), and FOR_69 opened: both sea
OWN-CLAIM	66	3535b8ac	r7187 orders — FOR_69: the synthesis holds entire, item (a) is in print at two papers, item (b) needed no repa
OWN-CLAIM	66	3795b26b	r7169: main's red is repaired and the cause is that the touched-readers selector cannot select an absence -- P
OWN-CLAIM	66	3a213ecc	r7177 orders — 60: everything ordered is discharged, nothing new. cc66: the stretch prints two values and it m
OWN-CLAIM	66	3a946076	r7203 orders — cc66: option 2 approved, run the three. 60: r7220 is the work and the high-against-low weightin
OWN-CLAIM	66	3d93b695	r7167: PO-83 is struck on the answer -- nothing on the layer's measure carries a tensor mode along the bead, t
OWN-CLAIM	66	3dc652a1	r7087 orders -- 70: the call made and nothing ordered; cc66: answered, and nothing waits on it but the sweep; 
OWN-CLAIM	66	4192c778	r7205 orders — 70: the build is taken whole, r7191 discharged, nothing ordered on top of it. cc66, 60, 69: not
OWN-CLAIM	66	48cc39be	r7201 orders — cc66: the ten runs are granted in full. 60: the clock question is ordered, and the prediction g
OWN-CLAIM	66	4d32df92	r7175: the floor sentence gets its denominator and gives "floor" back to the older use -- and order 2 returns 
OWN-CLAIM	66	531e2185	r7183 orders — two to cc66: the figure the paper has never carried, and which rate the visibility's width in c
OWN-CLAIM	66	55e105ea	r7115 orders -- TO 60: PO-73 settled and r7108 vindicated; the Euclidean null is the join, and PO-74 is ordere
OWN-CLAIM	66	59a0bd48	r7113 orders -- TO 70: BOTH MEASUREMENTS VERIFIED AND LANDED, ONE SHARPENED BY ITS OWN IDENTITY, AND THE MUTAT
OWN-CLAIM	66	5d85e6e4	r7083 orders -- 60: nothing, and the quantum sector has no open row; 70: how many retired ledger rows are invi
OWN-CLAIM	66	609932f2	r7073 orders -- 70: the confirmer's log, and a second use for it that this pass found; 60: nothing new, and wh
OWN-CLAIM	66	63cd1dec	r7075 orders -- 70: over the twenty-five carriers only, does each one derive its number or hold it
OWN-CLAIM	66	66539337	r7111 orders -- TO 60: r7108 VERIFIED TO THE PREFACTOR AND LANDED IN TWO SECTIONS; ONE FIGURE CROSSES sec:thro
OWN-CLAIM	66	7259906f	r7097 orders -- cc66 runs the rule's own configuration with the onset dissolved; 60 closes the visibility deri
OWN-CLAIM	66	76014335	r7101 orders -- 60 carries the harmonic expansion out in the proper frame, which is the one place the conclusi
OWN-CLAIM	66	76986f2f	r7089 orders -- 70: audit the stability verdict, since it is read off a banded statistic and cc66 routed it by
OWN-CLAIM	66	7a745e91	r7105 orders -- the expansion is re-ordered in the de Sitter presentation, where the cosmological layer is the
OWN-CLAIM	66	7a88b1ca	r7219 orders — cc66: centre the basis, a reparametrisation and not a fifth parameter, with the closure branch 
OWN-CLAIM	66	7bfcbc95	r7223 orders — cc66: build the peak plane on the merged bank, and it is not the instrument I refused. 60: is a
OWN-CLAIM	66	8478b319	r7077 orders -- 60: nothing on PO-23, which is struck, and a question back rather than an assignment; 70: the 
OWN-CLAIM	66	936bb053	r7103 orders -- PO-72 goes to 60: name the slicing that carries the closed reading and derive its radius, or s
OWN-CLAIM	66	94c63709	r7215 orders — cc66: the fourth parameter is authorised, with the same burden. 60: nothing ordered, PO-31 stru
OWN-CLAIM	66	95925f38	r7117 orders -- TO 60: r7112 verified and landed, PO-75 carries what it relocates, and PO-74 now has the autho
OWN-CLAIM	66	97636d38	r7085 orders -- cc66: its V1 diagnosis taken, the general form recorded as its own, the fix it declined to mak
OWN-CLAIM	66	9806ea95	r7119 orders -- TO cc66: C63's check 2 pins a ratio of two grid peaks to a one-point window when one bin moves
OWN-CLAIM	66	9a7998de	r7109 orders -- TO 60: TWO READINGS DECLINED WITH GROUNDS AND THE IDENTITY STANDS; TO cc66: THE FIRST-PEAK CAL
OWN-CLAIM	66	9c06b92f	r7227 orders — cc66: nothing new, the data half has happened and there is no next instrument. 60: nothing new,
OWN-CLAIM	66	9f5dfce0	r7071 orders -- 60: the cubic summand's parity, the one thing between the corpus and a settled dimension-six e
OWN-CLAIM	66	bdf502b0	r7213 orders — cc66: build the comb fit, with its validation burden attached. 60: r7224 is the work and the me
OWN-CLAIM	66	c01aaed4	r7199 orders — nothing ordered to any seat, deliberately, with the reason stated; 60's guard adopted with its 
OWN-CLAIM	66	c2bef014	r7099 orders -- 60 takes the sector's one remaining question (what the projection is); cc66 holds and closes t
OWN-CLAIM	66	c590a88b	r7211 orders — cc66: place the observed point on the plane, the one step left. 60 and 70: nothing ordered. 69:
OWN-CLAIM	66	c7b1164a	r7189 orders — three replies, nothing ordered: the fork decided and in print, the figure decision made, and th
OWN-CLAIM	66	d1033336	r7207 orders — nothing ordered from any seat; the generated pages were dropping content on every paper and tha
OWN-CLAIM	66	d489251a	r7217 orders — nothing new ordered; cc66's flag is upheld in full and the cause is recorded as this seat's
OWN-CLAIM	66	d8062768	r7173: the third transport question is answered NEGATIVE by a degeneracy -- the crossing's kernel is constant 
OWN-CLAIM	66	e09e8ee5	r7221 orders — cc66: the row has been chasing the loose direction and there is a tight one. 60: is the peak-sp
OWN-CLAIM	66	e0d1d4f4	r7171: PO-85 struck on a measured negative that corrects its own terminal clause -- the grade is there and the
OWN-CLAIM	66	f281ddf1	r7195 orders — FOR_69: the search found the root cause of its own error and the repair turned up a second exac
OWN-CLAIM	66	fa909edd	r7181 orders — two real ones, both on the acoustic sector's one surviving disagreement: cc66 gives the 1.57 a 
PRE-BAND	bare-session(parity 0)	05bcfde5	r3513 involution/real-forms reach close -- 17/17 (15 WORKED, 2 CHECKED-NEGATIVE); deepest reach
PRE-BAND	bare-session(parity 0)	18524352	r3506 complex-analysis C9 -- P16's branch-point monodromy is Fuchsian
PRE-BAND	bare-session(parity 0)	33158b54	r3511 conformal reach close -- 17/17 (7 WORKED, 10 CHECKED-NEGATIVE); the REFUSED headline corrected
PRE-BAND	bare-session(parity 0)	57cfe96c	r3508 category-theory reach close -- 17/17 by name (5 WORKED, 12 CHECKED-NEGATIVE)
PRE-BAND	bare-session(parity 0)	62d64e57	r3512 quadric reach close -- 17/17 (11 WORKED, 6 CHECKED-NEGATIVE); widest reach yet
PRE-BAND	bare-session(parity 0)	694f3ba9	r3510 variational reach close -- 17/17 by name (9 WORKED, 8 CHECKED-NEGATIVE)
PRE-BAND	bare-session(parity 0)	a1c41ffc	r3507 complex-analysis reach close -- 17/17 by name (13 WORKED, 4 CHECKED-NEGATIVE)
PRE-BAND	bare-session(parity 0)	a48d345d	r3509 optics/lensing reach close -- 17/17 by name (6 WORKED, 11 CHECKED-NEGATIVE)
PRE-BAND	bare-session(parity 0)	e51d4f4f	r3514 representation-theory reach close -- 17/17 (14 WORKED, 3 CHECKED-NEGATIVE)
PRE-BAND	bare-session(parity 0)	fdc28d92	r3515 Cartan/holonomy reach close -- 17/17 (13 WORKED, 4 CHECKED-NEGATIVE); owed probe discharged
PRE-BAND	unattributed	05f9d2b9	r3517 combinatorics reach close -- 17/17 (8 WORKED, 9 CHECKED-NEGATIVE); P03+P08 reclassified WORKED off the n
PRE-BAND	unattributed	0ad34a75	r3522 closing report: whole-set re-measured -- all 17 fields at the reading standard (depth 16..1); overnight 
PRE-BAND	unattributed	178dec7b	r3516 statistics/inference reach close -- 17/17 (5 WORKED, 12 CHECKED-NEGATIVE); PO-13 flag: sky grind is a po
PRE-BAND	unattributed	acff14ff	r3518 catastrophe bake: KT1 synthesis receipt (fold only, A_3 impossible) + three never-thrown ledger scaffold
PRE-BAND	unattributed	e46c85ec	r3519 catastrophe/singularity reach close -- 17/17 (14 WORKED, 3 CHECKED-NEGATIVE); KT1 discharges the field v
REFERENCE	60	045839bb	r7208 routing: two receipts are red on main itself, and one is a fifth instance of the class in another seat's
REFERENCE	60	2b1a4c64	r7176 routing: B25's novelty arm is red on main on r7167's own paragraph, routed with a patch rather than edit
REFERENCE	60	3a3fe206	r7217 acknowledged, and r7232 PRE-REGISTRATION: the exposure of receipts to a register edit
REFERENCE	60	72ac1cee	r7083's question back answered -- nothing in the quantum sector is nearer than the four stated limits, and the
REFERENCE	60	9a7d221e	r7189 answered: the terminal clause is right, and the one thing it does not say is that the constitutive readi
REFERENCE	60	a9dd473a	r7219 acknowledged: nothing ordered, and this seat is standing by
REFERENCE	60	bd9e7a1c	r7199 read: nothing ordered, nothing owed, and the phase opening is declined for this cycle with the reason on
REFERENCE	60	c2a08735	r7215 acknowledged, and r7230 PRE-REGISTRATION: the source half of the reversal class
REFERENCE	70	0fd3ca9a	r7035 (70) pre-registration -- the null harness's one assumption tested (the drawing covariance varied, estima
REFERENCE	70	4d8872d2	r7177 routing -- main is red on classify_documents since b3054e9a (EXPLAINER.md unclassified); reproduced on o
REFERENCE	70	6abbfbb8	r7037 (70) pre-registration -- the corpus sweep: instrument (five evidence classes, drawless necessary not suf
REFERENCE	70	6d276841	r7043 (70) working -- trace refreshed on all cited receipts' outputs
REFERENCE	70	a8b7e79e	r7043 (70) working -- the citation tracer (claim window widened to the marker's whole passage, declared) and a
REFERENCE	70	afb72f8b	r7033 item a (working) -- the contrast statistic's noise construction: as defined it never sees the data (ampl
REFERENCE	70	dab1409d	r7043 (70) pre-registration -- the citation sweep: 606 markers / 500 receipts, numbers matched against each ci
REFERENCE	70	ecede66e	r7205 routing -- main is red on cc66's phase-slope receipt, whose 'RBFAC is not banked' premise its own r7201 
REFERENCE	bare-session(parity 1)	2193f44b	r7223 reply: 66's inverted comb ending kept; the route's open condition stated; P15 'halves' flagged
REFERENCE	bare-session(parity 1)	490a1f4c	r7201 reply: the explainer's two components in plainer terms, and its convention for work in flight
REFERENCE	bare-session(parity 1)	52f83284	r7217 reply: 66's comb correction checked against P15 and kept; 'the six' given its noun
REFERENCE	bare-session(parity 1)	7131f36f	r7221 reply: driving-gap tightened to P15's figures, and a section stamp that sees additions
REFERENCE	cc66	175306de	r7095 Q3: the licensed configuration moves neither statistic, and the earlier null was read above the ceiling 
REFERENCE	cc66	17dcc556	r7041 the acceptance law -- exhibited on the integral with no fitted coefficient, and the measuring instrument
REFERENCE	cc66	181bcee9	r6975: the banker for the term-mix pair
REFERENCE	cc66	3076d994	r6959: the taper's first wiring was not the operation it named -- SRCTAPERALL, and the fix
REFERENCE	cc66	311a0d56	r7039 instrument -- three names where there were literals, and Delta_l(k) itself saved for the first time
REFERENCE	cc66	3192721e	r7225 item 2 — the kernel's running phase is 5.7x this receipt's result, so the 0.79 sigma is conditional
REFERENCE	cc66	37517f6e	r7151 CLOSED -- the prose-pin backlog is DISCHARGED. UNADJUDICATED 0, ceiling 24 -> 0, 137 keys verdicted. The
REFERENCE	cc66	386a7524	r7051 answered, and a figure of mine corrected where it had already reached the register
REFERENCE	cc66	3ac0c851	r7109: the DAMPX pair re-banked through the writer, and config now carries the instrument's source hash
REFERENCE	cc66	4202c658	r7131 CI -- a red on a superseded ancestor, and the find is in the carry layer: a red from an ancestor outlive
REFERENCE	cc66	47b93e6a	r7041 stage-c report -- the sequence read as a sequence, with "has not turned over" a separate verdict from "l
REFERENCE	cc66	4e4c95e5	r7041 pre-registration amendment -- r7043 crossed with r7041 and the two orders compose, so the hold on the la
REFERENCE	cc66	544f9fc7	r6975 pre-registration: what the term-mix swap predicts, written before it runs
REFERENCE	cc66	567b768d	r7109 ⓶: the control's base log banked beside the grids, and the peak-height cell is a concordant sign
REFERENCE	cc66	5774f667	r7041 stage-a launcher -- the real arms with the solver on, carrying SRCSAVE because the quantity to converge 
REFERENCE	cc66	5cf67290	r7099 Q2: the DAMPX pair re-measured at LEAFREC=1, all three pins lifted, and two of them were tolerance defec
REFERENCE	cc66	60a91374	r6959 (b): the predictor, the banker, and the two tapers the swap runs
REFERENCE	cc66	61140718	r7041 pre-registration -- convergence first, the mechanism apparatus named as HELD, and one scoping correction
REFERENCE	cc66	66f8f9f7	r6959 (a): SRCETA -- the source's conformal-time dependence across the window, as a function
REFERENCE	cc66	690f65c3	r7099 Q1 and Q3: the two run logs are tracked by a declared exception, and Q3 was already delivered
REFERENCE	cc66	71b74035	r7039 instrument fix -- DLKSAVE read the clock inside _project and broke C60's standing claim on a reporting l
REFERENCE	cc66	7d766961	r7039 re-pin -- the switch count 75 -> 78, moved here rather than routed, with the three names and the reason
REFERENCE	cc66	7da1b9c9	r7139 accepted and started -- the carry measurement it calls still-open is already delivered, and the reading 
REFERENCE	cc66	7efd7ff5	r7041 thin bank -- a registered receipt cannot read an untracked bank, so the bank is thinned rather than the 
REFERENCE	cc66	7f1548f6	r6975 supplement: the decomposition sharpens T3, before any DPSRC slice finished
REFERENCE	cc66	8153a6e5	r6997 cc66.51 ⓵⓶ -- the reconciliation: two different quantities, and correcting it REVERSES cc66.50's dismiss
REFERENCE	cc66	82612419	r6983 cc66.49 ⓵c -- the run re-sliced finer, and the bank now VERIFIES the tiling instead of assuming a step
REFERENCE	cc66	84948de5	r7041 thin bank -- A is banked once per arm, not once per injection, because it does not depend on the injecti
REFERENCE	cc66	884da0d1	r6959: the swap reader -- contrast, comb and depths off one tapered spectrum
REFERENCE	cc66	90786785	r6959: the ISW-preserving swap over-moves by 2-4x, and SRCTAPERNORM isolates why
REFERENCE	cc66	911303c0	r7061: the block is closed by the seat whose receipt it was, and I am withdrawing the progress figure I gave 6
REFERENCE	cc66	9969dd1b	r6975 second supplement: the class arithmetic retracts the first supplement's framing
REFERENCE	cc66	9d9b9f7d	r6959 pre-registration: what the normalisation-across-the-window candidate predicts, and what would refute it
REFERENCE	cc66	9f7f5885	r6983: the joint-run launcher
REFERENCE	cc66	a07a9b7b	r7113: Q1 declared at 900s in the LONG table -- and measuring it refuted the contention diagnosis outright
REFERENCE	cc66	a313b7ed	r7109 ⓷: cc66_lowell_sweep is closed -- a producer in the repository, all eight configurations re-derived, and
REFERENCE	cc66	a705c961	r7049 re-pin -- the switch count 78 -> 79 for GRIDSAVE, moved here rather than routed
REFERENCE	cc66	af8c4f15	r6983 cc66.49 ⓵d -- the launcher made GAP-DRIVEN, because the churn window moves and a fixed tiling cannot
REFERENCE	cc66	bbcb01d5	r6983 cc66.49 ⓵ -- the joint bank and its reader, both written BEFORE the run lands
REFERENCE	cc66	bc7f649d	r7097 Q3 and Q4: the licensed rebuild leaves all three rigidity numbers where they were, the forbidden one rea
REFERENCE	cc66	bdd90ce0	r6959: the banker takes the norm-preserving pair too, and skips a set that has not run
REFERENCE	cc66	bfafd3dd	r7143 CLOSED -- the 46 PAPER prose-pin sites are read, the class measures 0, ceiling 70 -> 24. A pin repaired 
REFERENCE	cc66	c1264736	r7057: the phase systematic is taken into the report's NAME, which is where it reaches this seat
REFERENCE	cc66	c6c6592b	r7053 answered: the schedule figures it quotes are mine and they are now wrong
REFERENCE	cc66	c779c077	r7039 bank -- the Dl slices add over k and the transfer slices concatenate, and the difference is gated rather
REFERENCE	cc66	cfbb76ed	r6993 cc66.50 ⓷ -- the filter controlled BEFORE the thing it filters on, and the median envelope excluded with
REFERENCE	cc66	d236b3ce	r7109 ⓷: c54.182_clpp is placed too -- it re-derives bit-identically, and the era question is answered by meas
REFERENCE	cc66	d8986630	r7041 stage-c launcher -- the injection convergence sequence, unsliced, twelve settings on two injections and 
REFERENCE	cc66	eb301d28	r7039 pre-registration -- PO-70's staging, with the artefact reading tested FIRST and the reading I expect fla
REFERENCE	cc66	f7a95edd	r6983 pre-registration: what each composition rule predicts, on all three axes, before the joint run
REFERENCE	cc66	f887f4d5	r7041 stage-c reorder -- settings outermost, so a partial read is a partial SEQUENCE and never a partial pair
REFERENCE	cc66	fbd3f575	r7055: the gate's label is fixed, and its cause was a literal beside a named constant
REFERENCE	cc66	fcdbbf69	r6959 banks (a): the two eta-profiles, the instrument's SRCETA output unaltered
REFERENCE	cc66	fdf5f2d3	r7039 pre-registration, corrected before anything ran -- r6919 ALREADY ran the clock swap the first draft prop
UNATTRIBUTED	unattributed	4a453403	r6819 (follow-up) -- matrix, open ledger and pages carried with the correction
UNATTRIBUTED	unattributed	4c641172	r6869 (follow-up) -- the duplicate clause my rewrite accompanied rather than replaced
UNATTRIBUTED	unattributed	52c49541	r7195 fixup — the two reds r7189/r7191 left, and the stray file r7193 committed
UNATTRIBUTED	unattributed	71a3fb44	r6815 (matrix) -- P18's new citations carried into the dependency matrix
UNATTRIBUTED	unattributed	7e67098f	r6871 (follow-up) -- P17's new citation carried into the dependency matrix
UNATTRIBUTED	unattributed	8fde9c85	r6849 (follow-up) -- the frontier generator's quoting repaired; runway and views current
UNATTRIBUTED	unattributed	bddddf89	r6898 merged -- PO-52 closes on an algebraic identity rather than the offered route; PO-31's named candidate e
UNATTRIBUTED	unattributed	cf0eae58	r6894 merged -- PO-55 closes by dissolving; PO-52 keeps its second half; the two rows are not one fact
UNATTRIBUTED	unattributed	f4ffe710	r6912 merged -- the interior's transfer imprints its own running; PO-49's third regime is the boundary of admi
