kind	file	line	paper	occurrences	literal
receipt	receipts/L165_interacting_tower/S8_the_floor_follows.py	97	canonical_time.tex	9	at the origin
receipt	receipts/P15_CR_cosmology/P15_the_construction_fixes_no_closed_layer_radius_because_the_nariai_mass_closes_the_route_that_fixes_it_in_de_sitter_and_the_one_radius_it_does_fix_is_alpha.py	197	CR_cosmology.tex	2	r_0\approx5051
receipt	receipts/L202_phase_at_the_seam/Z1_the_phase_is_the_antilinear_face_and_it_is_trivial_on_reality.py	110	CR_framework.tex	3	reality involution
receipt	receipts/L221_the_bridge/B16_the_coupling_cannot_come_from_this_bundle.py	87	matter_sector_paper.tex	2	has a holonomy about the Nariai points
receipt	receipts/L221_the_bridge/B34_the_join_crosses_the_inner_horizon.py	115	matter_sector_paper.tex	26	JanzenBoundary
receipt	receipts/L809_one_loop_quartic/S1_the_quartic_is_a_constant_vacuum_energy_and_the_geometry_absorbs_it.py	125	geometric_core_paper.tex	3	gauge-combination
receipt	receipts/L805_freezing_reproduced/S1_every_mode_of_interest_freezes_and_the_inversion_is_closed.py	169	CR_cosmology.tex	3	before the crossing
receipt	receipts/P15_CR_cosmology/P15_the_harmonic_expansion_in_the_proper_frame_is_not_bounded_because_no_slicing_of_it_carries_both_the_discrete_source_and_the_projection_distance.py	208	CR_cosmology.tex	2	D_C/r_0\approx2.774
receipt	receipts/RP_34_gr/G3_the_axis_names_two_orderings.py	128	range_paper.tex	5	plane wave
receipt	receipts/L165_interacting_tower/D1_the_boundary_is_per_fibre_and_the_UV_is_over_fibres.py	156	canonical_time.tex	2	ultraviolet definition of the tower sums
receipt	receipts/L221_the_bridge/B15_po3_both_clauses_answered.py	142	matter_sector_paper.tex	2	odd in the signed offset
receipt	receipts/P15_CR_cosmology/C18_bespoke_means_two_legs.py	149	CR_cosmology.tex	2	The full flat-projection transfer
receipt	receipts/P15_CR_cosmology/P15_the_harmonic_expansion_in_the_proper_frame_is_not_bounded_because_no_slicing_of_it_carries_both_the_discrete_source_and_the_projection_distance.py	204	CR_cosmology.tex	2	D_C\approx1.4011\times10^{4}
receipt	receipts/P15_CR_cosmology/P15_the_floors_understatement_is_measured_against_the_floor_and_not_the_exact_value_and_sec_largescale_never_carries_the_asymptote.py	254	CR_cosmology.tex	11	\S\ref{sec:largescale}
receipt	receipts/L233_colour_curvature/F2_the_flatness_is_what_a_branching_IS.py	89	matter_sector_paper.tex	2	returns the \emph{same} $2M=r_0-r_0^3$
receipt	receipts/P15_CR_cosmology/C40_the_pair_was_quoted_against_a_rounding.py	90	CR_cosmology.tex	8	against the measured
receipt	receipts/P15_CR_cosmology/P15_the_locus_is_wrong_in_six_places_and_the_lint_cannot_see_the_worst.py	411	CR_cosmology.tex	7	\label{prop:
receipt	receipts/L221_the_bridge/B5_the_mod_two_index_is_one_and_the_corpus_computed_it.py	101	matter_sector_paper.tex	3	\dim\ker_+=3
receipt	receipts/L221_the_bridge/B14_identical_in_content_is_po2s_reason.py	122	matter_sector_paper.tex	2	identical in content
receipt	receipts/P15_CR_cosmology/P15_the_projection_joins_two_load_bearing_multipoles_are_the_only_two_in_the_tower_with_no_stretch_threshold_so_the_pending_decision_cannot_move_the_result.py	146	CR_cosmology.tex	2	D_C\approx1.4011\times10^{4}
