# the forty-five blindness-family members, each anchored to the register row
# n	source	the row's own filing text (truncated)
1	hand-resolved from the row	ROW'S OWN ENUMERATION (seg 82), first of "the four earlier members [that] are instruments blind to a DEFECT": a receipt reading a paper the gate then edits
2	hand-resolved from the row	ROW'S OWN ENUMERATION (seg 82), second of the four: a scope keyed on an adjudicated baseline
3	ordinal filing in the row	A THIRD MEMBER OF A SHAPE THIS ARC KEEPS PRODUCING, FOUND r7155+cc66.114 BY AN INSTRUMENT FIRING ON ITS OWN LINE: AN INSTRUMENT BLIND AT THE MOMENT IT MATTERS, FOR A DEFENSIBLE REASON.*** *`L-251`'s `N1` reads only a line's UNMERGED commits, which is correct for its purpose --- **those are the only 
4	hand-resolved from the row	ROW'S OWN ENUMERATION (seg 82), fourth of the four: a selector keyed on a filename
5	ordinal filing in the row	A FIFTH INSTANCE OF THE BLINDNESS SHAPE, FOUND r7163 BY `70` WITH A PLANTED LIFECYCLE SEED RATHER THAN BY A BREAK ON `main` --- AND IT IS THE WIDEST OF THE FIVE, BECAUSE IT BLINDS THE GATE TO A WHOLE READING CONVENTION.*** *`run_touched_readers`' first two halves ask whether a receipt's SOURCE names
6	hand-resolved from the row	FILED WITHOUT AN ORDINAL (seg 81): "THE SHARPEST MEMBER OF THE BLINDNESS FAMILY YET" --- the citation sweep cannot detect its own findings being fixed; the row contrasts it with "the four earlier members are instruments blind to a DEFECT ... This one is blind to the REPAIR"
7	ordinal filing in the row	A SEVENTH BLINDNESS MEMBER, IN THE SAME GATE AS THE FIFTH, ON ITS OTHER INPUT, ONE REVISION LATER --- `check_frontier_current` WAS READING A STUMP OF THE RUNWAY IT CHECKS.*** *`r7164` fixed this gate cutting a REGISTER ROW at `60,000` characters. The same gate's other reader, `runway_blocks`, ended 
8	ordinal filing in the row	AN EIGHTH MEMBER, AND IT IS THE ONE THAT PUT A RED ON `main` FOR TWO REVISIONS THAT THIS SEAT GATED AND PUSHED: `run_touched_readers` CANNOT SELECT AN ABSENCE.*** *Every arm of its selector asks whether a receipt's literal appears in a CHANGED line. **An assertion about an absence has no sentence to
9	ordinal filing in the row	the ninth is a RATIO standing where a `$\chi^2$` per bin is read:*** *`$2.56$` is the arm-over-control ratio on those bins (`$212.9$` and `$545.8$`, ratio `$2.5636$`), and the arm's figure PER BIN there is `$2.95$`. **The computing receipt prints it `2.56x as-computed`, with the `x`; the paper dropp
10	ordinal filing in the row	A TENTH MEMBER, FROM THE SAME REPAIR, WITH THE ROW AS THE CARRIER AND THIS SEAT AS ITS AUTHOR: `B25`'s `INDEX.md` CELL ASSERTED THE NEGATION OF ITS OWN REPAIRED RECEIPT.*** *The row read `confirms Regge-Wheeler appears nowhere in the papers (6 checks)` --- resting on a count of the string `Regge` se
11	ordinal filing in the row	AN ELEVENTH MEMBER, FOUND BY `cc66` AGAINST ITSELF, AND IT IS THE MOST SELF-INFLICTED OF THE SET: IT SKIPPED THE GATE BUILT TO CATCH THE COLLAPSE IT WAS ABOUT TO COMMIT.*** *Writing the `r7169` entry whose subject is a false absence claim, it concluded that no gate reads `FOR_66.md` and skipped the 
12	ordinal filing in the row	A TWELFTH, IN `70`'s `PO-85` WORK, WHICH IS `r3934`'s WINDOW IN A THIRD INSTRUMENT AND WAS CAUGHT BY ITS OWN PRE-REGISTRATION:*** *the anchored grade check reads the asserted grade in the anchored sentence at `5` of `10` known sites; **widening to a sentence either side reads `6` before the repair a
13	ordinal filing in the row	A THIRTEENTH MEMBER, AND IT IS THE FAMILY'S OWN RULE ARRIVING IN THE PAPER FOR THE SECOND TIME, IN A CLAUSE THIS SEAT HAD JUST REPAIRED FOR THE SAME CLASS: THE FLOOR SENTENCE DID NOT SAY WHAT ITS PERCENTAGES WERE PER CENT OF.*** *`r7173` wrote `understates every one of them and the lowest by most --
14	ordinal filing in the row	A FOURTEENTH, FROM THE SAME SENTENCE: `floor` HAD COME TO NAME TWO UNRELATED BOUNDS ONE CROSS-REFERENCE APART, IN ONE PAPER.*** *`sec:throat`'s was a lower bound on a transmission amplitude, new at `r7173` and this seat's; `sec:largescale`'s `low-multipole floor` is its own section title and a parag
15	ordinal filing in the row	A FIFTEENTH MEMBER, AND IT IS THE FIRST THIS FAMILY HAS RECORDED THAT TWO SEATS COMMITTED INDEPENDENTLY FROM OPPOSITE SIDES OF ONE COINCIDENCE: A CROSS-SPIN LABEL SLIP, MADE AVAILABLE BY TWO TOWERS FLOORING AT THE SAME DEGREE FOR OPPOSITE REASONS.*** *`60` read a level index as a harmonic degree and
16	ordinal filing in the row	A SIXTEENTH, AND IT IS THIS SEAT FAILING TO APPLY THE RULE IT HAD REGISTERED FROM `cc66` TWO REVISIONS EARLIER AND ORDERED TO `70`.*** *`r7175` inverted `cc66`'s locator to REQUIRE the repaired denominator phrase --- correct, and a guard. **But the refusal it reaches is the generic drift one**, so a
17	ordinal filing in the row	A SEVENTEENTH, FOUND BY `60` WHILE JOINING THE PROJECTION: `P15` PRINTS TWO VALUES FOR ONE QUANTITY.*** *`the stretch $2.774$` appears twice, and the ratio of the paper's own two printed lengths is `2.7618`, which is what `$D_C/r_0\approx2.76$` states. **Seven of `r7164`'s eight projection widths re
18	ordinal filing in the row	AN EIGHTEENTH, AND IT IS THE WORST SITED OF THE SET: A PHYSICS CLAIM WEARING A PROHIBITION, IN THE ONE DOCUMENT THE CURRENCY GATES EXEMPT BY DESIGN.*** *The `README`'s `Guards for the read` carried `the Hubble/acoustic-scale matter is RESOLVED and banked --- the tension dissolves as a consequence of
19	ordinal filing in the row	A NINETEENTH, FOUND BY `cc66` AND THE SHARPEST YET, BECAUSE THE RIGHT ANSWER WAS IN PRINT BESIDE THE WRONG ONE INSIDE A `PASS`:*** *`P15_the_kernels_distance_...`'s `INDEX` row, published through both appendices since `r7099`, reads `$r_0=5051$, $D_C=1.401\times10^{4}$, the stretch $2.774$ and $\ell
20	ordinal filing in the row	A TWENTIETH, IN THE EXPLAINER AND ON THIS SEAT'S OWN LIVE EDGE: AN UNSOURCED FIGURE WHOSE EXPONENT COLLIDES WITH AN UNRELATED PRINTED ONE A SECTION AWAY.*** *`EXPLAINER.md` said the lift suppresses `patterns as fine as the ripples we see in the microwave background` by `about one part in `$10^{111}$
21	ordinal filing in the row	A TWENTY-FIRST AT `r7181`, AND IT IS THE CLASS'S FIFTH OPERATOR RATHER THAN A SITE: A PIN WHOSE TOLERANCE EXCEEDS THE DISCREPANCY IT EXISTS TO CATCH.*** *Built by `70` at `r7179+70.1` on this seat's own design question, and pre-registered before the operator existed. **The general quantity is NOT re
22	ordinal filing in the row	A TWENTY-SECOND AT `r7183`, AND IT IS IN THE EXPLAINER'S OWN GATE: A LITERAL PIN SURVIVED THE REMOVAL OF THE SENTENCE IT WAS WRITTEN FOR, BECAUSE THE SAME PHRASE OCCURS ELSEWHERE IN THE SAME PAPER ON AN UNRELATED QUANTITY.*** *The explainer's test paragraph pinned `by three independent routes` again
23	ordinal filing in the row	A TWENTY-THIRD, FOUND BY `cc66` AGAINST THIS SEAT'S OWN `r7179` REPAIR:*** *the re-keying of its classifier was correct and reached the classifier --- Part 1 prints `DISCHARGED`, the cost checks assert the construction's side, the tolerance walk reads zero --- **but the terminal VERDICT was never br
24	ordinal filing in the row	TWENTY-FOURTH MEMBER: A LOCATOR PUBLISHED WITHOUT THE END IT IS MEASURED FROM, WHERE THE TWO ENDS PUT THE LOCUS ON OPPOSITE SIDES OF A HORIZON. THE CLAUSE SET AT r7185).*** *The `r7183` clause above is superseded and keeps its text. **Where it actually stands: `2,170` quote-pin keys owed a verdict a
25	ordinal filing in the row	TWENTY-FIFTH MEMBER, AND IT IS THIS SEAT'S OWN FROM THE PREVIOUS REVISION: A RECEIPT THAT ESTABLISHED EVERY PIECE OF A COMPOSITION AND COULD NOT SEE THAT THE COMPOSITION NAMED THE WRONG OBJECT. THE CLAUSE SET AT r7187).*** *The `r7185` clause above is superseded and keeps its text.* **Where it actua
26	ordinal filing in the row	TWENTY-SIXTH MEMBER, AND IT IS THE THIRD OF ONE SHAPE IN FOUR REVISIONS: A TERM CARRYING TWO OBJECTS WITH DIFFERENT ENDS, WHICH NO INSTRUMENT CAN SEE AND WHICH DEFEATED A CAREFUL READER. THE CLAUSE SET AT r7195).*** *The `r7191` clause above is superseded and keeps its text.* ⌈ ***THE MEMBER.*** *`s
27	ordinal filing in the row	TWENTY-SEVENTH MEMBER: A RECEIPT WHOSE OWN NAME MAKES IT UNCITABLE, SO THE CONSTRAINT IS DISCOVERED BY THE DOCUMENT THAT WANTED TO CITE IT RATHER THAN BY THE SEAT THAT NAMED IT. THE CLAUSE SET AT r7203).*** *The `r7195` clause above is superseded and keeps its text.* ⛔ ***THE INSTANCE.*** *`60`'s `r
28	ordinal filing in the row	THE TWENTY-EIGHTH IS THIS SEAT'S OWN ORDER CHANNEL. THE CLAUSE SET AT r7205).*** *The `r7203` clause above is superseded and keeps its text.* ✔ ***`70`'s `r7201+70.1` DISCHARGES THE `r7191` ORDER AND ITS `r7197` ADDITION, MEASUREMENT FIRST AS ORDERED, PRE-REGISTERED BEFORE COUNTING.*** *`MULTI` and 
29	ordinal filing in the row	TWENTY-NINTH MEMBERS, AND THE TWENTY-EIGHTH IS THIS SEAT'S OWN ORDER CHANNEL. THE CLAUSE SET AT r7205).*** *The `r7203` clause above is superseded and keeps its text.* ✔ ***`70`'s `r7201+70.1` DISCHARGES THE `r7191` ORDER AND ITS `r7197` ADDITION, MEASUREMENT FIRST AS ORDERED, PRE-REGISTERED BEFORE 
30	ordinal filing in the row	THIRTIETH MEMBER, AND IT IS THE LARGEST THIS FAMILY HAS HELD: THE GENERATED PAGE IS DOWNSTREAM OF EVERY INSTRUMENT IN THE TREE AND IS READ BY NONE OF THEM. FOUND BY DARYL ON A PHONE. THE CLAUSE SET AT r7207).*** *The `r7205` clause above is superseded and keeps its text.* ⛔ ***THE INSTANCE, AND THE 
31	ordinal filing in the row	THIRTY-FIRST MEMBER: THE GATE BUILT AT `r7207` TO CATCH THE THIRTIETH WAS GREEN OVER A PAGE MISSING ITS PAPER'S HALLMARK FIGURE. A COUNT OF WHAT IS PRESENT CANNOT SEE AN ABSENCE. THE CLAUSE SET AT r7209).*** *The `r7207` clause above is superseded and keeps its text.* ⛔ ***THE INSTANCE, AND IT IS TH
32	ordinal filing in the row	THIRTY-SECOND MEMBER, AND IT IS THE THIRD GATE OF MINE IN THREE REVISIONS TO BE WRONG IN ITS OWN WAY: `check_order_acknowledged` WENT RED ON `main` OVER THREE WORKING SEATS, BECAUSE IT MEASURED THE GATE'S OWN TYPING. THE CLAUSE SET AT r7211).*** *The `r7209` clause above is superseded and keeps its 
33	ordinal filing in the row	THIRTY-THIRD MEMBER: A WRONG SENTENCE IN A PAPER PROPAGATED INTO THE EXPLAINER BY A SEAT DOING ITS JOB CORRECTLY, AND THE PIN THAT WOULD HAVE CAUGHT IT WAS PLACED ABOVE THE PARAGRAPHS THAT CARRIED IT. THE CLAUSE SET AT r7217).*** *The `r7215` clause above is superseded and keeps its text.* ⛔ ***THE 
34	ordinal filing in the row	THIRTY-FOURTH MEMBER: A VERIFICATION BURDEN THE ALGEBRA MAKES AUTOMATIC CANNOT DISCRIMINATE, AND THE SAME ALGEBRA MADE THE CLOSURE BRANCH IT WAS PAIRED WITH UNREACHABLE. THE CLAUSE SET AT r7221).*** *The `r7219` clause above is superseded and keeps its text.* ⛔ ***THE INSTANCE, AND IT IS THIS SEAT'S
35	ordinal filing in the row	THIRTY-FIFTH MEMBER, AND IT IS IN THE INSTRUMENT THAT MEASURES THIS ROW'S OWN BACKLOG: A QUOTE-PIN WHOSE CLAUSE SPANS A LINE WRAP READS AS ABSENT FROM A DOCUMENT THAT CONTAINS IT. THE CLAUSE SET AT r7223).*** *The `r7221` clause above is superseded and keeps its text.* ⛔ ***THE INSTANCE, FOUND BY `6
36	ordinal filing in the row	THIRTY-SIXTH MEMBER, AND IT EXISTS BECAUSE `r7223` FILED IT AS A RECURRENCE ON A MECHANISM DIAGNOSIS THAT WAS WRONG. THE CLAUSE SET AT r7225).*** *The `r7223` clause above is superseded and keeps its text, **including the mis-filing corrected here**.* ⛔ ***THE CORRECTION, AND IT IS MINE.*** *`r7223`
37	ordinal filing in the row	THIRTY-SEVENTH MEMBER: A DETECTOR WHOSE COVERAGE IS SET BY TYPOGRAPHY RATHER THAN BY WHAT IT DETECTS --- TWICE, IN TWO INSTRUMENTS, BOTH FOUND BY `cc66`. AND A THIRTY-EIGHTH: A GATE THAT FORCED A CODE SEAT TO WRITE TWO OTHER SEATS' DOCUMENTS. THE CLAUSE SET AT r7227).*** *The `r7225` clause above is
38	ordinal filing in the row	THE THIRTY-EIGHTH, AND IT IS STRUCTURAL RATHER THAN A BUG: `check_receipts` FORCED A CODE SEAT ACROSS TWO SEAT BOUNDARIES IN ONE COMMIT.*** *The gate is right that `a result that lands in no paper is not banked, it is lost`. **But a seat cannot land a receipt and wait a cycle for the gate seat to ci
39	ordinal filing in the row	the thirty-ninth member, and a declared rule is the only repair `70`'s measurement leaves.* ✔ ***AND `60`'s `r7240` MEASURED WHY ITS OWN SWEEP MISSED THREE SITES, WITH THE EXCLUSION SHOWN TO BE ARITHMETIC.*** *`30` gates, `0` failed. **Two of the three sites were invisible to `S4`'s own detector, `S
40	hand-resolved from the row	NO ORDINAL FILING: the count reached forty by the r7229 arithmetic recount --- "the ancestry blindness is $40$. THIRTY-SIX plus four is FORTY"
41	ordinal filing in the row	THE FORTY-FIRST, AND `r7229` DESCRIBED ITS FIRST INSTANCE WITHOUT FILING IT, WHICH IS CORRECTED HERE.*** *① `r7240`: **a sweep whose population is pinned to the commit its own revision started from cannot contain its own revision's gates** --- the receipt is introduced one commit after its own pin, 
42	ordinal filing in the row	THE FORTY-SECOND IS `cc66`'s AND IT PROPAGATED THROUGH FOUR DOCUMENTS INCLUDING MINE:*** **a count of how many slots are finite is not a statement about WHICH slots.** *`$48$` per cent of draws return three peaks of four; every document that reported it named the FOURTH as the one lost, and the four
43	ordinal filing in the row	THE FORTY-THIRD. AND OWNERSHIP MAKES `60`'s CLASS LARGER, SO THE PATH SCOPE WAS TOO NARROW AND NOT ONLY IMPURE. THE CLAUSE SET AT r7243).*** *The `r7241` clause above is superseded and keeps its text.* ⛔⛭⛭ ***THE FORTY-THIRD, AND BOTH SEATS FOUND IT IN THE SAME HOUR FROM OPPOSITE ENDS.*** *`S11`'s d
44	ordinal filing in the row	THE FORTY-FOURTH. AND THE PUSH-RANGE FACE ARRIVED THROUGH THE RANGE'S OTHER END. THE CLAUSE SET AT r7245).*** *The `r7243` clause above is superseded and keeps its text.* ⛭⛭⛭ ***`60` READ THE THIRTY AND THE TALLY IS NOT THE RESULT.*** *`15` gates, `0` failed. **ONE of the thirty is genuine** --- an 
45	ordinal filing in the row	THE FORTY-FIFTH, AND `60` FOUND IT BY RUNNING ITS OWN REPAIR: AN INSTRUMENT REPAIRED IN ONE OF ITS READINGS IS NOT THEREBY REPAIRED IN THE OTHERS.*** *`r7245` published `5` absence guards with no positive control. **Four of the five were never uncontrolled**: they assert a non-zero count over the ve
