cosmogenesis_paper.tex	abstract	P16_recollapse_is_the_nariai_threshold
cosmogenesis_paper.tex	Verdict, reckoning, and the open edge	P16_theory_error_and_likelihood
geometric_core_paper.tex	abstract	P17_no_second_scale_on_either_face
geometric_core_paper.tex	abstract	Q3_cayley_klein
geometric_core_paper.tex	abstract	Q6r_polar_is_the_background
matter_sector_paper.tex	abstract	P14_dual_norm
matter_sector_paper.tex	abstract	P14_leaf_compactness
matter_sector_paper.tex	abstract	P14_leaf_compactness
matter_sector_paper.tex	abstract	P14_mode_monodromy_at_the_wall
matter_sector_paper.tex	abstract	P14_the_count_specified
matter_sector_paper.tex	abstract	W1_the_two_plus_one_plus_one_is_excluded_by_a_symmetry_the_chiral_member_does_not_have
matter_sector_paper.tex	abstract	P14_the_twist_conjugates_T_it_does_not_project_it
matter_sector_paper.tex	abstract	P14_quark_lepton_frontier
matter_sector_paper.tex	abstract	P14_the_twist_conjugates_T_it_does_not_project_it
matter_sector_paper.tex	abstract	C1_the_weyl_closure_is_generic_to_cubics_and_the_match_is_D3_alone
