receipt	collection	route	n_strings	strings
receipts/L165_defining_the_sum/S50_the_counterterm_basis_is_one_dimensional_because_the_background_family_is.py	STANDING	ITERATED	5	["p0: every curvature invariant on either face is a pure power of 1/alpha^2", "and it carries its own receipt", "\u26ed p0: the alpha-family is a FOLIATION, so the admitted backgrounds are ONE-PARAMETER", "and that carries a receipt too", "P12/`L-533`: a step above the last changes the scale and nothing else"]
receipts/L165_defining_the_sum/S50_the_counterterm_basis_is_one_dimensional_because_the_background_family_is.py	WRITTEN	ITERATED	8	["the quartic's degree is named in print", "\u26ed and its counterterm is identified as the one constant", "the sub-leading successors are named rather than left implicit", "the basis degeneracy is stated with its reason -- one-dimensional on the admitted family, and the reduction resting on a 4D identity on any metric rather than on the family", "\u26d4 and the scope names P10's OWN slicing, not another paper's rate", "stating that the degeneracy holds on the tower's own geometry", "\u26d4 and the c54.211 coupled-sector limit is WITHDRAWN at c54.215: P10 now states it as a worry", "\u26ed and refutes it with the stronger reason -- conformal flatness, which no scale factor can break"]
receipts/L165_interacting_tower/D50_the_floor_does_survive_and_the_paper_said_so_232_revisions_earlier.py	SAYS	ITERATED	6	["P10 calls the unboundedness an artefact of truncation", "\u26ed and gives the resummation explicitly", "and states the verdict on the spectrum as AFFIRMATIVE", "citing a receipt for it", "the positivity is scoped to the interior, with the boundary named", "and gamma itself is bounded above by 1/4, so gamma >= -1/4 is P10's own regime"]
receipts/L174_general_matter_dynamics/I6_two_objects_one_word_the_optical_shear_is_not_the_ADM_shear.py	CHECKS	ITERATED	5	["P9's shear-selection is about a NULL GEODESIC CONGRUENCE", "P9 states the VACUUM hypothesis, which is r2505's finding and stands", "r2505's I4 reads it as sigma = 0 ON THE PRINCIPAL CONGRUENCE", "r2504's I3 defines ITS sigma as the trace-free part of the EXTRINSIC CURVATURE", "and I3 counts it as FIVE components"]
receipts/L174_general_matter_dynamics/I7_the_free_shear_is_two_not_five_and_the_corpus_already_names_the_two.py	CLAIMS	ITERATED	5	["P9 names the count as TWO and calls them the graviton's polarizations", "P9 ties them to what a sweep cannot carry", "P9 identifies the wall as the ONSET of free gravitational radiation", "P9 states the reachable sector carries NO free propagating tensor mode", "P9 places Gowdy (two Killing vectors) INSIDE the reachable sector, on its edge"]
receipts/L175_dimensional_descent/E50_a_second_step_is_emptied_by_rule_two_and_not_forbidden_by_it.py	PREMISES	ITERATED	9	["p0: a plane section of the substrate returns a de Sitter space of radius sqrt(alpha^2-c^2)", "\u26ed p0: and it is SdS exactly when the mass vanishes \u2014 which is what makes \u2463 a Rule-2 exclusion", "P6: Rule 2 rejects a symmetry-breaking modulus", "\u26ed P6's GUARD: the second sense is NOT what the criterion excludes", "P6: and the mass is named as an instance of that second sense", "P6: orientation is excluded because the symmetry group is transitive on the distinguishers", "P6/P12: dS_D is maximally symmetric and moduli-free in EVERY dimension", "P12: and no upper bound is established anywhere", "P3: the substrate is dS_5 = SO(5,1)/SO(4,1) and the fifth dimension is forced by slicing"]
receipts/L175_dimensional_descent/E50_a_second_step_is_emptied_by_rule_two_and_not_forbidden_by_it.py	WRITTEN	ITERATED	9	["the absence of a ceiling is given a positive reason", "Rule 2 is applied to the intermediate rung in its own right", "so every rung above the last is maximally symmetric", "hence a plane section, hence scale-only", "the section's radius is stated", "the normal is called gauge, with the transitivity reason", "\u26ed and the verdict is EMPTIES, not forbids and not forces", "the cut's blindness is stated as the mechanism", "and the guard is upgraded from conduct to consequence"]
receipts/L221_quark_lepton/P14_the_three_bridges_off_the_grading_all_land_on_the_same_ceiling.py	PREMISES	ITERATED	7	["\u26ed P13: R GRADES the chirality eigenspaces rather than exchanging them \u2014 A5's whole hinge", "P13: and R lies outside the connected component", "P14: the residue is D_6 = S_3 x Z_2", "P14: a character is one-dimensional \u2014 the ceiling this file generalises", "P14: the angular tower is infinite and lambda fixes a grading and not a content", "P14: and lambda enters through W = lambda sqrt(f)/r, which is why lambda = 0 has no wall", "P14: the zero-mode operator is the Jackiw--Rebbi one, so the kernel route is the standing one"]
receipts/L221_quark_lepton/P14_the_three_bridges_off_the_grading_all_land_on_the_same_ceiling.py	WRITTEN	ITERATED	8	["the ceiling is attributed to the residue rather than to the deck", "\u26ed the Z2-complex identity is stated", "with the Clifford reason given", "the grading-not-exchanging property is used and cited across", "the residue's irreducible dimensions are given", "the spectral route's uniform spacing is stated", "the canonical rung and its multiplicity are given", "and the joint conclusion is that the residue's size is the obstruction"]
receipts/L237_gates_check_declarations/G50_the_receipt_runner_gate_was_green_because_its_cache_had_no_expiry.py	WIRED	ITERATED	6	["the runner STAMPS what it ran against", "the runner computes the digest over what a receipt can READ", "\u26ed the gate RECOMPUTES it and compares", "the gate FAILS on a mismatch", "the gate FAILS when no digest is present at all", "and the runner is de-shadowed from scripts/queue.py"]
receipts/L237_gates_check_declarations/G51_the_twelve_can_all_exit_non_zero_and_the_backlog_is_an_artefact.py	SEEDS	ITERATED	2	["P15_expansion_law", "AS_amplitude_leftward"]
receipts/L237_gates_check_declarations/G51_the_twelve_can_all_exit_non_zero_and_the_backlog_is_an_artefact.py	TWELVE	PASSED	12	["P15_the_progenitor_vacuum_is_negligible_too", "P15_the_second_arm_actually_run", "AS_amplitude_leftward", "P15_verify_closedS3_nonsync", "P15_confront_lowell_data", "P15_expansion_law", "BRANCHPT_transmission_character", "P15_no_primordial_B_modes_unconditionally", "P16_the_scalar_monodromy_is_four_pi_over_rho", "P16_the_passage_is_phase_only_above_the_first_peak", "P16_the_progenitor_composition_is_bracketed", "P16_the_leading_order_interior_is_adequate"]
receipts/L247_the_build_already_stands/B1_the_geometry_po14_asks_for_was_built_at_r2419.py	MARKS	ITERATED	8	["\\label{sec:unpolarized}", "restoring the second polarization", "wave map into the hyperbolic plane", "Gaussian curvature $-1$", "determinant $-1$", "identity component does not reach", "e^{2P}\\,Q_t", "c\\mapsto-c"]
receipts/L248_the_strike_broke_its_readers/R1_r3001_struck_fourteen_rows_and_twelve_receipts_read_them_by_prefix.py	SPLIT	PASSED	5	["total", "inherited", "regressed", "this_cause", "pins"]
receipts/L250_the_break_reports_itself/Q1_a_quotation_pin_that_names_the_revision_that_removed_it.py	KNOWN	ITERATED+PASSED	7	["is not settled by this reading and is not claimed here", "the mechanism of the crossing, not its unitarity", "a closure on a protected item is Daryl", "IS AN ARGUMENT, NOT A COMPUTATION", "r2674 pointer", "cut is four and **says nothing about the substrate**", "is part of what this paragraph leaves open at its end"]
receipts/L250_the_break_reports_itself/Q1_a_quotation_pin_that_names_the_revision_that_removed_it.py	NEVER	ITERATED+PASSED	2	["the horizon is a perfectly ordinary Tuesday", "lim sup of the quixotic bifurcation"]
receipts/L253_the_seed_that_stopped_seeding/S1_a_seed_that_stops_constructing_its_defect_accuses_the_gate_it_defends.py	REPAIR_RECEIPTS	ITERATED+PASSED	2	["receipts/L551_register_integrity/R1_a_protected_row_was_corrupt_for_368_commits_and_the_corruption_satisfied_a_gate.py", "receipts/L555_merge_duplication/M1_a_merge_duplicated_four_protected_rows_and_no_gate_saw_it.py"]
receipts/L255_the_exemption_was_a_claim/E1_an_exemption_is_a_claim_and_all_three_were_false.py	THREE	ITERATED+PASSED	3	["receipts/L551_register_integrity/R1_a_protected_row_was_corrupt_for_368_commits_and_the_corruption_satisfied_a_gate.py", "receipts/L555_merge_duplication/M1_a_merge_duplicated_four_protected_rows_and_no_gate_saw_it.py", "receipts/L556_registry_from_rows/R1_the_registry_was_checked_from_citations_inward_so_twenty_rows_were_read_by_nothing.py"]
receipts/L257_the_label_did_double_duty/V1_a_strike_that_reads_as_done_and_a_paper_that_says_otherwise.py	FIVE	ITERATED+PASSED	5	["114e4d9ede", "dc0202b02d", "fb2d798ceb", "f36eef9790", "988eda39e1"]
receipts/L267_the_sweep_that_did_not_run/G1_a_success_message_printed_by_a_different_command_than_the_one_it_describes.py	SWEPT	PASSED	16	["check_dupes", "check_row_state", "check_id_bands", "check_open_ledger", "check_receipts", "check_register_columns", "check_arcpins", "check_protected_dupes", "check_grains", "check_rerunnable_honest", "check_row_matchers", "check_receipt_tex_scope", "check_paper_tense", "check_revision_collisions", "check_appendix_current", "check_computes"]
receipts/L270_the_table_that_carried_its_next_failure/V1_a_translation_table_validated_only_against_what_it_was_asked_to_render.py	SURVEYED	PASSED	5	["THE_LIVE_ARC.md", "receipts/INDEX.md", "THE_MATHEMATICS_REACH.md", "THE_PHYSICS_REACH.md", "OWED.md"]
receipts/L271_the_statistics_bake/S2_the_systematics_budget_is_absent_by_name_and_present_as_a_matched_control.py	ABSENT	ITERATED+PASSED	11	["systematics", "systematic error", "nuisance", "beam uncertainty", "beam window", "beam error", "beam transfer function", "calibration error", "unmodelled", "look-elsewhere", "trials factor"]
receipts/L271_the_statistics_bake/S2_the_systematics_budget_is_absent_by_name_and_present_as_a_matched_control.py	PINNED	ITERATED+PASSED	1	["systematic uncertainty"]
receipts/L273_the_cartan_bake/C1_the_weyl_closure_is_generic_to_cubics_and_the_match_is_D3_alone.py	FAMILIES	PASSED	5	["r^3 -  r + 2M   [THE HORIZON CUBIC]", "r^3 -  r +  M                      ", "r^3 - 4r +  M                      ", "r^3 +  r +  M   [a>0, no real merge]", "r^3 - 7r + 3M                      "]
receipts/L279_the_symmetric_space_probe/S1_so42_is_not_another_real_form_it_is_the_substrates_own_dual.py	FORMS	ITERATED+PASSED	5	["so(6)", "so(5,1)", "so*(6)", "so(4,2)", "so(3,3)"]
receipts/L558_the_second_duplication/D1_the_same_four_rows_the_second_merge_running_and_this_time_it_unclosed_a_struck_item.py	IDS	ITERATED+PASSED	4	["PO-4", "PO-5", "PO-6", "PO-7"]
receipts/L559_the_registry_from_files_inward/O1_the_registry_was_turned_outward_and_the_arrow_still_pointed_one_way.py	FOUR	PASSED	4	["receipts/P03_SdS_slicing/A6_item_58_resolves_split.py", "receipts/P12_algebroid/A3_the_convergence_audit.py", "receipts/P12_algebroid/A8_the_self_protecting_falsehood.py", "receipts/P16_cosmogenesis_paper/bbn_network.py"]
receipts/L560_pins_into_moving_prose/P1_the_last_five_failures_were_pins_into_prose_that_later_correct_work_moved.py	CASES	ITERATED+PASSED	5	["L175_dimensional_descent/N1_the_cut_being_four_is_what_makes_the_dynamics_forced.py", "L200_free_data_count/U1_the_count_as_the_corpus_now_states_it.py", "L200_free_data_count/U3_the_residue_is_one_and_it_is_already_counted.py", "L536_frontier_placement/F1_resolved_content_sits_in_the_frontier_sections.py", "L207_the_bend/W1_what_remains_between_the_wall_and_a_curve_dynamics.py"]
receipts/L561_the_probe_was_the_defect/C1_item_45_answered_against_myself_the_rehoming_lost_nothing.py	EXTRA	ITERATED+PASSED	2	["the general leaf identity IS the Hamiltonian constraint (rehomed as eq:bend-general)", "the concrete matter model produces the light-element abundances"]
receipts/L561_the_probe_was_the_defect/C1_item_45_answered_against_myself_the_rehoming_lost_nothing.py	PAIRS	ITERATED+PASSED	6	["the cut's advance is generated by a true Hamiltonian", "a characteristic crossing with no curvature obstruction", "That worldline dynamics is taken up for a concrete matter model", "the deepest question the construction opens onto", "Since the framework leaves the dynamics of general relativity unchanged", "the first dynamical bend the construction displays, in vacuum"]
receipts/L562_the_pin_test/P1_the_pin_test_run_the_spacing_follows_the_pin_so_the_ratio_does_not.py	RUNS_SPEC	ITERATED	5	["lcdm_NK320.log", "cr_LATARG280_NK200.log", "cr_LATARG301.6_NK200.log", "cr_LATARG320_NK200.log", "cr_LATARG301.6_KCONT_NK320.log"]
receipts/L802_stability_bracket/S1_the_stability_bracket_closes_the_needed_cell_is_covered.py	CITES	ITERATED+PASSED	7	["Friedrich 1986", "Ringstrom 2008", "Rodnianski-Speck 2013", "Andreasson-Ringstrom 2016", "surface-symmetric 2014", "Wald 1983", "Beyer 2009 (Nariai)"]
receipts/L_numerics/Q1_a_stated_tolerance_is_a_request_and_the_corpus_answers_it.py	SAMPLE	PASSED	4	["receipts/P16_cosmogenesis_paper/P16_the_mixing_is_two_pi_over_rho.py", "receipts/P15_CR_cosmology/P15_the_continuation_is_diagonal.py", "receipts/P16_cosmogenesis_paper/P16_the_passage_is_phase_only_above_the_first_peak.py", "receipts/P15_CR_cosmology/P15_the_crossing_exists_and_is_empty.py"]
receipts/L_numerics/Q50_the_tolerance_comparisons_gate_the_verdict_and_a_third_of_them_are_not_tolerances.py	SUBSET	ITERATED	10	["P09_range_paper/V1_carter_chain.py", "P15_CR_cosmology/P15_which_coupling_carries_the_k_dependence.py", "P03_SdS_slicing/D2_hexagon_klein.py", "P03_SdS_slicing/alpha_alone.py", "P14_matter_sector_paper/P14_the_two_threes_are_not_related_as_covers.py", "P15_CR_cosmology/C40_the_pair_was_quoted_against_a_rounding.py", "P07_CR_framework/two_realisations.py", "P17_geometric_core_paper/P17_power_is_null.py", "P16_cosmogenesis_paper/P16_peak_temperature.py", "L562_the_pin_test/P1_the_pin_test_run_the_spacing_follows_the_pin_so_the_ratio_does_not.py"]
receipts/L_probability/C1_the_citation_sweep_finds_no_headline_mis_cited_and_thirteen_below_it_that_cite_the_wrong_receipt_or_none.py	HEAD	ITERATED	13	["P16_recollapse_is_the_nariai_threshold", "P16_theory_error_and_likelihood", "P17_no_second_scale_on_either_face", "Q3_cayley_klein", "Q6r_polar_is_the_background", "P14_dual_norm", "P14_leaf_compactness", "P14_mode_monodromy_at_the_wall", "P14_the_count_specified", "W1_the_two_plus_one_plus_one_is_excluded_by_a_symmetry_the_chiral_member_does_not_have", "P14_the_twist_conjugates_T_it_does_not_project_it", "P14_quark_lepton_frontier", "C1_the_weyl_closure_is_generic_to_cubics_and_the_match_is_D3_alone"]
receipts/L_probability/C1_the_citation_sweep_finds_no_headline_mis_cited_and_thirteen_below_it_that_cite_the_wrong_receipt_or_none.py	II	ITERATED+PASSED	12	["CR_cosmology", "CR_cosmology", "CR_cosmology", "CR_cosmology", "CR_cosmology", "CR_cosmology", "CR_cosmology", "CR_cosmology", "CR_cosmology", "CR_cosmology", "cosmogenesis", "modern_parallax"]
receipts/L_probability/C1_the_citation_sweep_finds_no_headline_mis_cited_and_thirteen_below_it_that_cite_the_wrong_receipt_or_none.py	PAPER_FILE	PASSED	4	["CR_cosmology", "cosmogenesis", "modern_parallax", "canonical_time"]
receipts/L_probability/R1_the_whole_footprint_is_three_geometry_words.py	_STAT_AFTER	PASSED	14	["prior", "priors", "noise", "likelihood", "random", "distributed", "distribution", "errors", "error", "process", "field", "statistics", "sample", "variate"]
receipts/L_probability/S1_the_corpus_sweep_finds_no_headline_resting_on_an_overclaimed_sigma_and_three_in_one_paper_below_it.py	GROUP_I	ITERATED	10	["light elements \"within 1 sigma\", lithium \"6-8 sigma\" -- cosmogenesis abstract x2 and its verdict section, CR_framework x3, CR_cosmology abstract", "distance ladder \"chi^2/dof ~ 1\" against DESI DR2 -- CR_framework, CR_cosmology abstract and conclusion", "low multipoles \"within cosmic variance\" -- CR_framework x3, CR_cosmology abstract and conclusion, and its \"~3.4 sigma\" in-principle power", "plik_lite chi^2 per bin 1.16 / 2.98 / 2.10 -- CR_framework, CR_synthesis x3", "adiabatic chi^2 206/215 against isocurvature 3.3e5 -- cosmogenesis", "the damping signature \"non-reabsorbable\", a residual no tilt removes -- CR_framework x2, CR_synthesis x2, cosmogenesis, geometric_core, shadow_of_existence", "the redshift-isotropy floor, a predicted rms of a random field against an observed bound -- modern_parallax x5, CR_synthesis x2, boundary, geometric_core, cosmogenesis", "the fourth peak \"0.9 to 1.3 standard deviations\" and \"1.2 / 2.1\" -- CR_cosmology sec:refit-bound, sec:scope", "the trough depths \"five hundredths of a standard deviation ... 1.8\" -- CR_cosmology sec:refit-bound", "the two channels \"separate at some twenty-five standard deviations\" -- CR_cosmology sec:refit-bound, sec:scope"]
receipts/L_probability/S3_the_openness_subclass_is_read_in_full_and_the_flag_cannot_tell_a_pin_that_breaks_on_its_own_success_from_one_that_never_breaks_at_all.py	GROUNDS	PASSED	5	["PAST-TENSE", "RULE-NAME", "DESIGN-STATEMENT", "CODE-SHAPE", "ALT-COVER"]
receipts/L_probability/S3_the_openness_subclass_is_read_in_full_and_the_flag_cannot_tell_a_pin_that_breaks_on_its_own_success_from_one_that_never_breaks_at_all.py	READ	ITERATED+PASSED	24	["L200_free_data_count/U1", "L202_phase_at_the_seam/Z1", "L202_phase_at_the_seam/Z1", "L202_phase_at_the_seam/Z2", "L211_closure_adjacency/A3", "L211_closure_adjacency/A5", "L221_quark_lepton/Q1", "L221_the_bridge/B15", "L221_the_bridge/B21", "L221_the_bridge/B21", "L221_the_bridge/B21", "L221_the_bridge/B45", "L221_the_bridge/B53", "L256_the_band_taken/B1", "L257_the_label_did_double_duty/V1", "L263_the_station_audit/S1", "L263_the_station_audit/S1", "L268_broken_by_its_own_edit/O1", "L269_the_second_theatre/T1", "P10_canonical_time/P10_the_regulator_passage", "P12_algebroid/A8", "P15_CR_cosmology/P15_the_corpus_places_every_perturbation_source", "P15_CR_cosmology/P15_the_likelihood_sees_the_step", "P15_CR_cosmology/P15_the_likelihood_sees_the_step"]
receipts/L_probability/S4_the_exact_count_on_a_set_another_seat_can_grow_is_rare_in_this_seats_work_and_the_one_live_instance_was_this_revisions_own_predecessor.py	ENUM	ITERATED+PASSED	4	["glob", "listdir", "walk", "iglob"]
receipts/L_probability/S4_the_exact_count_on_a_set_another_seat_can_grow_is_rare_in_this_seats_work_and_the_one_live_instance_was_this_revisions_own_predecessor.py	SHARED	ITERATED+PASSED	14	["quote_pin_baseline", "prose_pin_baseline", "unread_figure_baseline", "INDEX.md", "THE_REGISTER", "PROTECTED_OPEN", "THE_FRONTIER", "OWED.md", "THE_WEAVE", "CORPUS_MAP", "PO13_WORKING_STATE", "marker_transposition_baseline", "THE_OPEN_PROBLEMS_LEDGER", "OPEN_PROBLEMS_MAP"]
receipts/L_probability/S5_the_set_shaped_class_is_absent_from_the_gate_layer_and_two_thirds_of_what_remains_sits_at_the_one_value_where_the_standing_guards_repair_is_a_tautology.py	PROBE	PASSED	6	["receipts/L221_the_bridge/B2_the_mod_two_prerequisite_is_already_built.py", "receipts/L221_the_bridge/B5_the_mod_two_index_is_one_and_the_corpus_computed_it.py", "receipts/L204_physics_reach/C3_the_isotropy_citation_runs_in_a_loop.py", "receipts/L221_the_bridge/B1_the_index_argument_stops_where_a_mod_two_index_begins.py", "receipts/L204_physics_reach/P13_the_entropy_is_the_corpuss_own_number.py", "receipts/L165_defining_the_sum/S1_seven_necessary_conditions_on_the_measure.py"]
receipts/L_probability/S5_the_set_shaped_class_is_absent_from_the_gate_layer_and_two_thirds_of_what_remains_sits_at_the_one_value_where_the_standing_guards_repair_is_a_tautology.py	SHARED	ITERATED+PASSED	14	["quote_pin_baseline", "prose_pin_baseline", "unread_figure_baseline", "INDEX.md", "THE_REGISTER", "PROTECTED_OPEN", "THE_FRONTIER", "OWED.md", "THE_WEAVE", "CORPUS_MAP", "PO13_WORKING_STATE", "marker_transposition_baseline", "THE_OPEN_PROBLEMS_LEDGER", "OPEN_PROBLEMS_MAP"]
receipts/L_probability/S5_the_set_shaped_class_is_absent_from_the_gate_layer_and_two_thirds_of_what_remains_sits_at_the_one_value_where_the_standing_guards_repair_is_a_tautology.py	TERMS	ITERATED+PASSED	15	["Majorana", "Neff", "Witten anomaly", "de Sitter entropy", "eta invariant", "global anomaly", "inner product", "isotropy-3", "mod 2", "mod-two", "nine types", "parity anomaly", "six of the nine", "sterile", "symplectic"]
receipts/L_probability/S6_an_unread_figure_is_a_claim_with_no_gate_and_one_of_this_seats_six_was_comparing_against_a_number_the_paper_had_withdrawn_as_the_error.py	TABLE	ITERATED+PASSED	4	["C62", "Kretschmann", "ratio", "potential-eq"]
receipts/P01_BH_causality/P1_the_transplanckian_claim_is_finite_at_each_finite_time_and_it_is_not_bounded.py	CROSS	PASSED	2	["and `L-526`'s thermality exponential is still in the text the new clause points back to", "exponential relation between the affine and Killing parameters"]
receipts/P01_BH_causality/P1_the_transplanckian_claim_is_finite_at_each_finite_time_and_it_is_not_bounded.py	QUALIFIED	PASSED	2	["the PRE-EXISTING sentence the clause qualifies is still present", "It needs no ultraviolet completion of gravity and no modification of quantum theory"]
receipts/P01_BH_causality/P1_the_transplanckian_claim_is_finite_at_each_finite_time_and_it_is_not_bounded.py	WRITTEN	ITERATED	10	["the topic is named at all \u2014 it was at ZERO uses before this revision", "the objection is placed on the Bogoliubov construction, which P1 does not perform", "the local frequency and the delta^{-1/2} scaling are stated", "the finite-at-each-finite-time claim is made", "\u26d4 and the NON-boundedness is stated in the same breath", "the supremum is called infinite explicitly", "the two phrasings are set against each other as non-interchangeable", "the growth rate is identified with the thermality kappa", "the millisecond timescale is in print rather than left implicit", "and the paper states plainly that the surface is NOT free of ultraviolet physics"]
receipts/P01_BH_causality/P1_the_trapped_surface_theorem_is_cited_as_a_theorem_and_never_as_an_open_test.py	REPAIRED_REACHED	ITERATED+PASSED	3	["CR_framework.tex", "janzen_circle_v3.tex", "canonical_time.tex"]
receipts/P01_BH_causality/P1_the_unruh_case_is_what_makes_the_criterion_completion_and_not_perspective.py	ADDED	ITERATED	6	["P1 now names Unruh and cites the 1976 paper", "P1 names the RINDLER HORIZON as the object", "P1 states the refutation the case forces", "P1 states that completion sorts all four", "P1 carries the de Sitter accelerated temperature with the substrate's own constant", "P1 states the Nariai vanishing and refuses to read a temperature off it"]
receipts/P01_BH_causality/P1_the_unruh_case_is_what_makes_the_criterion_completion_and_not_perspective.py	CASES	ITERATED+PASSED	4	["Rindler (Unruh)", "substrate cosmological (dS)", "eternal Schwarzschild", "astrophysical collapse"]
receipts/P01_BH_causality/P1_thermality_is_the_exponential_and_a_double_root_has_no_exponential.py	CHECKS	ITERATED	7	["P15 states the p-dependence of the tortoise integral explicitly", "P15 gives p = 1 as logarithmic and exponential", "P15 gives the degenerate double root as power-law", "P1 now states that the exponential IS the thermality", "P1 states the double-root case has no first step", "P1 states the right conclusion is mechanism-absent and not T = 0", "and P1 keeps the athermal-in-every-sense reading refused"]
receipts/P03_SdS_slicing/P03_batch1_cheap_owed.py	TESTS	ITERATED	5	["LOCUS", "TYPE", "DEFINITION", "EQUIVARIANCE", "SEPARABILITY"]
receipts/P03_SdS_slicing/P03_batch2_runnable.py	threes	PASSED	7	["the horizon roots", "the turnaround roots", "the three hinges", "the three walls", "the three graze points", "the three generations", "the A_2 hexad's 3"]
receipts/P03_SdS_slicing/P03_batch3_hot_front.py	rows	ITERATED	4	["the SIGNATURE", "the NUMBER OF LAYERS", "the ORIENTATION", "WHICH REAL FORM"]
receipts/P03_SdS_slicing/P03_locus_sweep.py	PAIRS	ITERATED	9	["wall", "graze point", "tangency point", "nine-point circle", "incircle of the hinge triangle", "hinge", "hinge", "seam", "Z_3-fixed centre"]
receipts/P03_SdS_slicing/P03_the_symbol_T_carries_four_structural_referents.py	ADJUDICATED	ITERATED+PASSED	2	["R vs T", "the two reflections"]
receipts/P03_SdS_slicing/P03_winding_and_closure.py	CASES	ITERATED	11	["q            (a free quark)", "q qbar       (meson)", "q q          (diquark)", "q q q        (baryon)", "q q q q      ", "q q qbar     ", "q q q qbar   ", "q q qbar qbar(tetraquark)", "q q q q qbar (pentaquark)", "q q q q q q  (dibaryon)", "qbar qbar qbar (antibaryon)"]
receipts/P03_SdS_slicing/P03_winding_and_closure.py	checks	ITERATED	6	["colours", "isospin states (horn)", "quark punctures", "chirality states (R)", "null legs", "lepton states"]
receipts/P03_SdS_slicing/P03_winding_vs_triality_closure.py	channels	ITERATED+PASSED	11	["meson        q qbar", "baryon       q q q", "antibaryon   qb qb qb", "tetraquark   q q qb qb", "pentaquark   q q q q qb", "dibaryon     6q", "free quark   q", "diquark      q q", "q qbar q", "q q q q", "q q q qbar"]
receipts/P05_groupoid/K45_span_and_nariai.py	rows	ITERATED+PASSED	5	["algebraic: the cubic's DOUBLE ROOT, sigma's fixed point (P3)", "optical: the PHOTON SPHERE meets the horizon, 3M = r_h (O1)", "incidence: the SINGULAR POINT of the reducible locus, 3r_0^2=1 (Q5)", "metric: the end of the conic's MINOR AXIS (Q5)", "analytic: the dial's BRANCH POINT, 3w = pi/2 (P3)"]
receipts/P07_CR_framework/P07_the_page_curve_is_a_falsifier_here_and_the_daughter_is_not_disconnected.py	CHAIN	ITERATED	3	["the flux is denied for want of a completed horizon, not by a computation that disagrees", "and the thermal endpoint is therefore absent AS A HORIZON EFFECT", "and the Bekenstein--Hawking entropy is set aside on the same footing"]
receipts/P07_CR_framework/P07_the_page_curve_is_a_falsifier_here_and_the_daughter_is_not_disconnected.py	NAMED	ITERATED	6	["the Page curve, with the 1993 reference", "the Page reference is in the bibliography", "the baby-universe scenario, by its own name", "the objection stated AS an objection \u2014 causally disconnected", "the difference that answers it \u2014 one spacetime, not two", "and the falsifier stated as a falsifier"]
receipts/P07_CR_framework/P07_the_page_curve_is_a_falsifier_here_and_the_daughter_is_not_disconnected.py	PRIOR	ITERATED	4	["P7 states the spacetime stays globally connected AND globally hyperbolic", "with a global Cauchy surface throughout \u2014 so there is nothing to trace over", "and it states there is no hidden interior sector to trace the exterior state over", "and it rejects the remnant reading explicitly"]
receipts/P07_CR_framework/P07_the_trio_is_a_pair_because_the_foliations_umbilicity_and_the_photon_sphere_are_one_equation_on_any_static_sphere_and_what_merges_at_the_forced_member_is_kappa_with_lambda.py	_FOL	ITERATED+PASSED	3	["umbilic", "constant-$r$", "extrinsic"]
receipts/P07_CR_framework/P07_the_trio_is_a_pair_because_the_foliations_umbilicity_and_the_photon_sphere_are_one_equation_on_any_static_sphere_and_what_merges_at_the_forced_member_is_kappa_with_lambda.py	_OWN	ITERATED+PASSED	4	["layer", "leaf", "geometry", "multiplet"]
receipts/P08_slicing_operator/P08_the_construction_already_generates_content_and_how.py	DELIVERED	PASSED	3	["generation count", "chirality", "family symmetry"]
receipts/P08_slicing_operator/P08_the_selection_principle_cannot_supply_matter.py	ANSWERS	ITERATED+PASSED	2	["r6481 the distinguished CUT", "r6485 the selected PROFILE"]
receipts/P09_range_paper/V1_carter_chain.py	chain	PASSED	6	["the substrate's null rulings are SHEAR-FREE", "a cut inheriting one as its principal congruence", "=> ALGEBRAICALLY SPECIAL", "=> TYPE D", "=> admits a KILLING TENSOR", "=> the CARTER CONSTANT"]
receipts/P10_canonical_time/P10_sec_lock_quotes_the_superseding_receipt_everywhere_the_two_mode_shift_sits_under_the_wrong_pair_and_the_four_receipt_group_is_one_chain.py	N	PASSED	7	["r7044", "r7048", "r7058", "r7056", "r7053", "r7050", "r7008"]
receipts/P10_canonical_time/P10_the_coefficient_is_zero_because_the_weights_parity_misses_every_pole_so_the_ledger_spends_nothing_at_dimension_six.py	branches	ITERATED+PASSED	3	["two dimensionless constants in this sector", "one constant at two dimensions", "one constant at one dimension, as before"]
receipts/P10_canonical_time/P10_the_coefficient_is_zero_because_the_weights_parity_misses_every_pole_so_the_ledger_spends_nothing_at_dimension_six.py	reasons	PASSED	3	["the branch's condition is that the coefficient is not computable from the construction's own data", "it is computed from the same regulator and expansion, with no new object (A, C)", "and the machinery is calibrated against the row's own banked 15/4 before being used (B), with a control that returns the affirmative (D)"]
receipts/P10_canonical_time/P10_the_cubic_summand_is_odd_over_m_cubed_so_it_reaches_the_pole_and_the_ledger_pays_at_dimension_six.py	NS	PASSED	1	["__name__"]
receipts/P10_canonical_time/P10_the_cubic_summand_is_odd_over_m_cubed_so_it_reaches_the_pole_and_the_ledger_pays_at_dimension_six.py	says	PASSED	5	["G(m) = N(m^2)/m^3 with N even of degree ten -- so the cubic summand is ODD (B)", "its polynomial part carries m^-1 with coefficient -15405/8192, which is not zero (D)", "so argument one is reached, there is a logarithm, and a counterterm is required (D)", "the quartic's is even and reaches nothing, so r7068 stands for the summand it regularised (E)", "=> THE LEDGER PAYS AT DIMENSION SIX, and the entry there is NOT empty for the total (D, E)"]
receipts/P10_canonical_time/P10_the_descent_is_free_at_the_order_the_section_works_at_and_the_kernel_rotates_rather_than_failing.py	INV	ITERATED+PASSED	4	["R^3", "R*Ric2", "R*Riem2", "trRic3"]
receipts/P10_canonical_time/P10_the_descent_is_free_at_the_order_the_section_works_at_and_the_kernel_rotates_rather_than_failing.py	_structs	ITERATED+PASSED	3	["M^6", "M^4", "log"]
receipts/P10_canonical_time/P10_the_field_squared_is_already_in_the_trace_at_quadratic_order_and_the_degenerate_point_is_representational.py	orders	PASSED	4	["pi^2", "phi^2", "sym(pi^2 phi)", "phi^3"]
receipts/P10_canonical_time/P10_the_frequency_shift_is_the_curvature_term_at_every_level_so_the_log_coefficient_is_fifteen_quarters.py	UNTOUCHED	ITERATED	3	["L165_interacting_tower/D2_the_UV_degree_is_quartic_and_the_IR_is_free.py", "L554_tower_degeneracy/D1_the_degeneracy_carrying_the_quartic_was_never_derived_and_its_constant_is_the_component_count.py", "P10_canonical_time/P10_the_thermal_condition_is_helicity_blind_at_the_mode_functions_and_the_parity_odd_entry_is_not_owed.py"]
receipts/P10_canonical_time/P10_the_frequency_shift_is_the_curvature_term_at_every_level_so_the_log_coefficient_is_fifteen_quarters.py	sc	PASSED	3	["R_ikjl h^ij h^kl", "R_ij h^ik h^jk", "R h_ij h^ij"]
receipts/P10_canonical_time/P10_the_lowest_tt_harmonics_are_frame_constant_so_the_overlap_is_a_determinant_times_the_volume.py	structures	PASSED	4	["pi^2", "sym(pi^2 phi)", "phi^2", "phi^3"]
receipts/P10_canonical_time/P10_the_odd_residue_is_five_levels_and_the_sign_is_mixed_because_the_vertex_carries_covariant_not_frame_derivatives.py	REPS	PASSED	3	["tau = 0", "tau1 = 1", "tau2 = 1"]
receipts/P10_canonical_time/P10_the_odd_residue_is_five_levels_and_the_sign_is_mixed_because_the_vertex_carries_covariant_not_frame_derivatives.py	reasons	PASSED	3	["the branch's condition is that the recoupling sum is not evaluable from the written-down data", "it is evaluable, and evaluated exactly at six odd levels (E)", "and the one thing that could have made the ingredients the wrong basis -- the representative -- is tested in all three directions and does not (D)"]
receipts/P10_canonical_time/P10_the_operator_is_an_inverted_quartic_so_the_deficiency_is_two_two_and_the_measure_closes_it_anyway.py	conditional	PASSED	1	["phi^3"]
receipts/P10_canonical_time/P10_the_operator_is_an_inverted_quartic_so_the_deficiency_is_two_two_and_the_measure_closes_it_anyway.py	established	PASSED	3	["pi^2", "sym(pi^2 phi)", "phi^2"]
receipts/P10_canonical_time/P10_the_parity_is_structural_in_shape_but_order_by_order_in_conclusion_and_the_cubic_half_of_second_order_is_unverified.py	reasons	PASSED	3	["the branch's condition is that the question is not posable, the higher orders being undefined", "it is posable: the parity follows from the vertex counting and not from any higher vertex's value (A, B)", "and it is answered -- order-by-order, with the next pole at fourth order and dimension eight (B, C)"]
receipts/P10_canonical_time/P10_the_parity_is_structural_in_shape_but_order_by_order_in_conclusion_and_the_cubic_half_of_second_order_is_unverified.py	routes	PASSED	2	["run r7056's own recoupling machinery at enough further odd levels to fix the polynomial", "or read the sum's parity off the recoupling algebra directly"]
receipts/P10_canonical_time/P10_the_parity_is_structural_in_shape_but_order_by_order_in_conclusion_and_the_cubic_half_of_second_order_is_unverified.py	runs	PASSED	3	["r7066 narrowed by r7068: the cutoff's subtraction count read as the ledger's cost", "r7068 narrowed by r7070: the quartic's summand read as the whole of second order", "and r7058 corrected by r7060 before either: a hybrid convention read as a convention"]
receipts/P10_canonical_time/P10_the_parity_is_the_channel_lists_mirror_symmetry_so_it_is_proved_rather_than_fitted_but_the_closed_forms_are_not.py	SHAPES	ITERATED	4	["aaa", "aab", "abb", "bbb"]
receipts/P10_canonical_time/P10_the_parity_is_the_channel_lists_mirror_symmetry_so_it_is_proved_rather_than_fitted_but_the_closed_forms_are_not.py	failed	PASSED	2	["the a-priori DEGREE BOUND: bounding the vertex contraction's degree in the label needs the contraction evaluated, which is what the bound was meant to avoid", "the RACAH RECOGNITION: the factored shape is real but did not yield a derivation, and the natural reading of it is the domain error named above"]
receipts/P10_canonical_time/P10_the_parity_is_the_channel_lists_mirror_symmetry_so_it_is_proved_rather_than_fitted_but_the_closed_forms_are_not.py	own_J	PASSED	3	["aaa", "aab", "abb"]
receipts/P10_canonical_time/P10_the_regulator_passage_keeps_its_line_but_the_minus_four_thirds_closes_under_a_group_that_does_not_compute_it.py	KB	PASSED	4	["r7063", "r7058", "r7056", "r7053"]
receipts/P10_canonical_time/P10_the_regulator_passage_keeps_its_line_but_the_minus_four_thirds_closes_under_a_group_that_does_not_compute_it.py	N	ITERATED+PASSED	6	["r7065", "r7063", "r7058", "r7056", "r7053", "r7008"]
receipts/P10_canonical_time/P10_the_regulator_passage_keeps_its_line_but_the_minus_four_thirds_closes_under_a_group_that_does_not_compute_it.py	OUT	PASSED	1	["r7056"]
receipts/P10_canonical_time/P10_the_subtraction_is_at_operator_dimension_six_pinned_three_ways_and_it_is_not_degenerate_so_the_ledger_cost_is_real.py	reasons	PASSED	3	["the branch's condition is that no invariant of the admitted family can carry the subtraction", "dimension six carries it, and is forced three independent ways (B)", "and the non-degeneracy that makes it a real ledger entry is the section's own computed asymmetry rather than a new claim (D)"]
receipts/P12_algebroid/A7_the_frontier_has_two_kinds.py	PREDICTION_IDS	ITERATED+PASSED	2	["PO-7", "PO-10"]
receipts/P13_boundary_paper/P13_a_eigenvalue_on_the_euclidean_face_is_not_a_mass.py	ROUTES	PASSED	2	["internal space (separation)", "Euclidean section (directly)"]
receipts/P14_matter_sector_paper/P14_charge_or_colour.py	CASES	ITERATED	11	["proton   uud", "neutron  udd", "pi+      u dbar", "pi-      d ubar", "Delta++  uuu", "antiproton", "electron", "-- rejected below --", "a lone quark  u", "a diquark  ud", "four quarks uudd"]
receipts/P14_matter_sector_paper/P14_charge_or_colour.py	_admitted	ITERATED+PASSED	7	["proton   uud", "neutron  udd", "pi+      u dbar", "pi-      d ubar", "Delta++  uuu", "antiproton", "electron"]
receipts/P14_matter_sector_paper/P14_quantisation_not_strength.py	_parts	ITERATED+PASSED	3	["QUANTISATION", "SIGN", "STRENGTH"]
receipts/P14_matter_sector_paper/P14_quantisation_not_strength.py	gaps	ITERATED+PASSED	3	["L-96", "L-125", "P14"]
receipts/P14_matter_sector_paper/P14_the_axis_vantage_is_imaginary_not_absent.py	props	ITERATED+PASSED	5	["three objects", "no hinge index", "triality-neutral", "R acts as a transposition", "fermion content"]
receipts/P14_matter_sector_paper/P14_the_compact_faces_four_is_three_plus_one_and_the_singlet_has_nothing_to_carry_it.py	_has_singlet	PASSED	2	["spinorial (the 4)", "vectorial (the 6)"]
receipts/P14_matter_sector_paper/P14_the_constituent_count_is_conserved_on_every_static_member_and_the_twist_alone_violates_it.py	CHANNELS	ITERATED	4	["baryon  (Lambda^3 V)", "diquark (Lambda^2 V)", "meson   (V (x) V-bar)", "one seat (V itself)  "]
receipts/P14_matter_sector_paper/P14_the_constituent_count_is_conserved_on_every_static_member_and_the_twist_alone_violates_it.py	EXPECT	PASSED	4	["baryon  (Lambda^3 V)", "diquark (Lambda^2 V)", "meson   (V (x) V-bar)", "one seat (V itself)  "]
receipts/P14_matter_sector_paper/P14_the_count_specified.py	SM	ITERATED+PASSED	7	["u_L", "d_L", "u_R", "d_R", "nu_L", "e_L", "e_R"]
receipts/P14_matter_sector_paper/P14_the_geometry_supplies_no_choices_and_not_every_choice_free_structure.py	COMPOUND	ITERATED	2	["hypercharge", "mass spectrum"]
receipts/P14_matter_sector_paper/P14_the_geometry_supplies_no_choices_and_not_every_choice_free_structure.py	LEDGER	ITERATED+PASSED	10	["generation count", "chirality grading", "walls' S3", "colour discrete content", "kind of each", "Nariai member", "colour coupling", "weak chiral gauging", "which handedness", "measured rho_r/rho_m"]
receipts/P14_matter_sector_paper/P14_the_reseating_frees_the_walls.py	S	ITERATED+PASSED	3	["P14R21 (count)", "P03_transverse_space_is_round (bound)", "P14 sec:whichthree (line 983)"]
receipts/P14_matter_sector_paper/P14_the_threes_are_exhausted.py	THREES	PASSED	12	["the three hinges", "the three graze points / walls", "the three horizon roots", "the three triangle sides", "the three signed areal radii", "the three wall monodromies", "the three turnaround sheets", "the three triality classes", "the three winding classes k=0,1,2", "the three timelike pairs of the six punctures", "the three causal classes", "the Nariai root triple (-2,1,1)/sqrt3"]
receipts/P14_matter_sector_paper/P14_the_two_colours_complex_structures_live_on_different_spaces_and_only_one_is_forced.py	_branch_objs	PASSED	2	["the horizon cubic", "the local cube-root model"]
receipts/P14_matter_sector_paper/P14_the_wall_holonomy_acts_on_the_seat_index_and_the_compact_face_has_no_loops.py	COLOUR	PASSED	3	["the module is the branching, not a bundle", "the three wall monodromies with the hinge 3-cycle", "second quantisation returning baryon 1, diquark 0, meson 1"]
receipts/P14_matter_sector_paper/P14_the_wall_holonomy_acts_on_the_seat_index_and_the_compact_face_has_no_loops.py	FLAVOUR	PASSED	3	["three chiral generations", "the family symmetry", "the chirality"]
receipts/P14_matter_sector_paper/P14_the_wall_holonomy_acts_on_the_seat_index_and_the_compact_face_has_no_loops.py	LEDGER	PASSED	6	["the generation count", "the chirality", "the within-state S_3", "the deck Z_3", "the discrete content of colour", "the two-bit labelling"]
receipts/P14_matter_sector_paper/P14_tower_is_not_kaluza_klein.py	_ROUTES	ITERATED+PASSED	3	["(a)", "(b)", "(c)"]
receipts/P15_CR_cosmology/P15_all_three_projections_clear_the_instrument_noise_null_so_the_term_mixs_cost_is_combed_after_all.py	LOSMARK	ITERATED+PASSED	4	["c54.17", "c54.178_", "L814_", "r6784_"]
receipts/P15_CR_cosmology/P15_all_three_projections_clear_the_instrument_noise_null_so_the_term_mixs_cost_is_combed_after_all.py	SOLVEMARK	ITERATED+PASSED	3	["ACOUSTIC_two_arm", "subprocess", "os.system"]
receipts/P15_CR_cosmology/P15_horn_ones_carrier_is_already_the_papers_own_wavenumber_free_potential_amplitude_while_on_the_segments_own_branch_a_sound_speed_costs_a_tilt_equal_to_its_whole_exponent.py	BAND	PASSED	3	["$\\ell\\simeq28$", "the first peak", "$\\ell\\simeq2475$"]
receipts/P15_CR_cosmology/P15_no_paper_fixes_the_primordial_normalisation_because_three_sentences_inherit_it_and_the_L_to_ell_map_is_a_projection_whose_width_passes_the_mode_spacing.py	_SPECTRAL	ITERATED+PASSED	6	["amplitude", "spectrum", "spectral", "A_s", "primordial", "tilt"]
receipts/P15_CR_cosmology/P15_no_paper_fixes_the_primordial_normalisation_because_three_sentences_inherit_it_and_the_L_to_ell_map_is_a_projection_whose_width_passes_the_mode_spacing.py	counts	PASSED	6	["P15 A_s", "P16 A_s", "P14 A_s", "P14 anisotrop", "P15 anisotrop", "P16 normalisation"]
receipts/P15_CR_cosmology/P15_the_133_bin_pair_is_computed_and_asserted_and_the_hardcoded_row_carried_the_other_arm.py	L2000	PASSED	2	["cc66_lcdm_L2000", "cc66_cr_x_h686_L2000"]
receipts/P15_CR_cosmology/P15_the_accounting_closes_but_cannot_attribute_because_the_share_is_the_cosine_of_a_phase_offset.py	LOSMARK	ITERATED+PASSED	4	["c54.17", "c54.178_", "L814_", "r6784_"]
receipts/P15_CR_cosmology/P15_the_accounting_closes_but_cannot_attribute_because_the_share_is_the_cosine_of_a_phase_offset.py	SC	ITERATED+PASSED	2	["spectrum-level ratio", "least-squares projection"]
receipts/P15_CR_cosmology/P15_the_accounting_closes_but_cannot_attribute_because_the_share_is_the_cosine_of_a_phase_offset.py	SOLVEMARK	ITERATED+PASSED	3	["ACOUSTIC_two_arm", "subprocess", "os.system"]
receipts/P15_CR_cosmology/P15_the_admissible_band_is_a_third_and_the_two_entries_differ_against_the_potential.py	CHAIN	ITERATED	4	["the instrument states the continuity relation theta_g = (3/4) D k c_s sin(phi)", "and names phi = 0 as a density extremum with theta = 0", "P15 says every mode EXITS the comoving horizon on the contracting leg", "and that the Euclidean kernel has nothing to act on in a FROZEN mode"]
receipts/P15_CR_cosmology/P15_the_admissible_band_is_a_third_and_the_two_entries_differ_against_the_potential.py	EARLIER	ITERATED	2	["sec:refit-bound already called the datum's phase freedom a lever spanning A THIRD", "and already quoted the gap CLOSING to 0.408 at the opposite phase, and no further"]
receipts/P15_CR_cosmology/P15_the_admissible_band_is_a_third_and_the_two_entries_differ_against_the_potential.py	LINES	ITERATED	4	["the photon density datum carries cos(phi), so it FLIPS between 0 and pi", "the velocity carries sin(phi), so it is ZERO at both", "and the POTENTIAL is set from Ph0 with no phi in it at all", "Ph0 being a constant -1"]
receipts/P15_CR_cosmology/P15_the_angular_label_crosses_the_lift_untouched_and_the_amplitude_does_not_because_the_lift_is_purely_imaginary_conformal_time_so_what_it_adds_is_an_envelope_with_exactly_no_phase.py	BG	PASSED	2	["refit", "instrument"]
receipts/P15_CR_cosmology/P15_the_background_returns_the_larger_stretch_so_2774_is_the_constructions_and_the_stale_trio_is_a_configuration_not_a_slip_but_the_figures_name_two_of_them.py	PAT	ITERATED+PASSED	5	["DC_approx", "r0_approx", "st_as_ratio", "st_as_bare", "DC_as_eq"]
receipts/P15_CR_cosmology/P15_the_band_one_departure_is_not_in_the_likelihoods_excess_and_all_three_channels_match_it_in_separating_power.py	LOSMARK	ITERATED+PASSED	4	["c54.17", "c54.178_", "L814_", "r6784_"]
receipts/P15_CR_cosmology/P15_the_band_one_departure_is_not_in_the_likelihoods_excess_and_all_three_channels_match_it_in_separating_power.py	RULES	PASSED	3	["product", "sum", "quadrature"]
receipts/P15_CR_cosmology/P15_the_band_one_departure_is_not_in_the_likelihoods_excess_and_all_three_channels_match_it_in_separating_power.py	SOLVEMARK	ITERATED+PASSED	3	["ACOUSTIC_two_arm", "subprocess", "os.system"]
receipts/P15_CR_cosmology/P15_the_bead_routes_damping_survives_on_the_squashed_layer_because_the_berger_harmonics_carry_no_squashing_and_the_spectrum_is_bounded_below_uniformly.py	HARM	ITERATED	7	["L=1, m=1/2 (a)", "L=1, m=1/2 (b)", "L=2, m=0   (a)", "L=2, m=0   (b)", "L=2, m=1      ", "L=3, m=3/2    ", "L=3, m=1/2    "]
receipts/P15_CR_cosmology/P15_the_budget_declaration_rests_on_a_lower_bound_and_the_receipt_that_says_so_measures_the_three_figures_it_rests_on.py	have	ITERATED+PASSED	3	["sympy", "numpy", "scipy"]
receipts/P15_CR_cosmology/P15_the_corpus_places_every_perturbation_source_before_the_branch_point_and_everything_after_it_is_transfer_so_nothing_already_built_supplies_anisotropic_content_on_the_expansion_leg.py	AFTER	ITERATED+PASSED	2	["neutrino anisotropic stress, on the expansion side", "the baryon loading's odd/even asymmetry"]
receipts/P15_CR_cosmology/P15_the_corpus_places_every_perturbation_source_before_the_branch_point_and_everything_after_it_is_transfer_so_nothing_already_built_supplies_anisotropic_content_on_the_expansion_leg.py	APPROACH	ITERATED+PASSED	4	["The isotropy is earned on the approach and preserved by the crossing", "how much anisotropy survives is fixed by the approach against the leg's duration", "a property of the progenitor's collapse history rather than of the crossing", "there is no interval in which anything could act"]
receipts/P15_CR_cosmology/P15_the_corpus_places_every_perturbation_source_before_the_branch_point_and_everything_after_it_is_transfer_so_nothing_already_built_supplies_anisotropic_content_on_the_expansion_leg.py	OWED	ITERATED+PASSED	2	["it requires a source the single Nariai worldline of this construction does not carry", "named here as owed and developed in neither this paper nor the bead"]
receipts/P15_CR_cosmology/P15_the_corpus_places_every_perturbation_source_before_the_branch_point_and_everything_after_it_is_transfer_so_nothing_already_built_supplies_anisotropic_content_on_the_expansion_leg.py	P07	ITERATED+PASSED	2	["seeded at the finite-curvature horizon seam, never at a curvature singularity", "the cosmology it seeds begins at the branch point"]
receipts/P15_CR_cosmology/P15_the_corpus_places_every_perturbation_source_before_the_branch_point_and_everything_after_it_is_transfer_so_nothing_already_built_supplies_anisotropic_content_on_the_expansion_leg.py	P16_BEFORE	ITERATED+PASSED	5	["the parity split, by species", "the monodromy at the crunch", "the scalar residue, twice the tensor", "the content, inherited not idealised", "the label's passage"]
receipts/P15_CR_cosmology/P15_the_corpus_places_every_perturbation_source_before_the_branch_point_and_everything_after_it_is_transfer_so_nothing_already_built_supplies_anisotropic_content_on_the_expansion_leg.py	P16_NEGATIVES	ITERATED+PASSED	4	["This construction supplies no free oscillation", "The construction contains no such background", "The second is the construction's recursion, and it does not run on modes", "The first clause of that question has no object"]
receipts/P15_CR_cosmology/P15_the_corpus_places_every_perturbation_source_before_the_branch_point_and_everything_after_it_is_transfer_so_nothing_already_built_supplies_anisotropic_content_on_the_expansion_leg.py	WANT	ITERATED	4	["P14", "P15", "P16", "P07"]
receipts/P15_CR_cosmology/P15_the_damping_signature_error_budget_and_the_convention_dominates_it.py	CFG	ITERATED	4	["ONSET    + stacking", "ONSET    + leaf", "CROSSING + stacking", "CROSSING + leaf"]
receipts/P15_CR_cosmology/P15_the_first_peak_figure_is_not_stable.py	VARIANTS	PASSED	4	["asis", "consistent", "flatpsi", "zerovel"]
receipts/P15_CR_cosmology/P15_the_four_dimensional_treatment_keeps_the_economy_and_keeps_more_of_it_but_in_the_sphere_label_so_the_bridge_exists_only_on_the_squashing_free_sector.py	HARM	ITERATED	4	["L=1, m=1/2", "L=2, m=0  ", "L=2, m=1  ", "L=3, m=1/2"]
receipts/P15_CR_cosmology/P15_the_free_streaming_knob_is_common_to_both_arms_and_the_switch_sweep_finds_no_further_shadow.py	RATE_ID	ITERATED	5	["GSRC", "LEAFSCALES", "PHASEONLY", "PHASEPOW", "STACKPERT"]
receipts/P15_CR_cosmology/P15_the_free_streaming_knob_is_common_to_both_arms_and_the_switch_sweep_finds_no_further_shadow.py	READS_ARM	PASSED	14	["CRAMP", "CRIC", "CRPHI", "CRPSI", "CRXE", "CRH0", "CROM", "KCONT", "LATARG", "ZSTART", "LZSTART", "LRSFROM", "LH0", "LOM"]
receipts/P15_CR_cosmology/P15_the_free_streaming_knob_is_common_to_both_arms_and_the_switch_sweep_finds_no_further_shadow.py	SWEPT_SIXTY_PLUS	PASSED	21	["ZPSAVE", "SRCSAVE", "SRCXS", "SRCDEC", "SRCINJ", "SRCINJPH", "SRCINJRS", "SRCINJVIS", "VISLEAF", "SRCETA", "SRCETAQ", "SRCTAPER", "SRCTAPERALL", "SRCTAPERNORM", "SRCTAPERS0", "DLKSAVE", "NLOSW", "NLOSF", "GRIDSAVE", "LEAFGEOM", "LEAFREC"]
receipts/P15_CR_cosmology/P15_the_height_target_was_below_the_resolution_of_its_own_statistic.py	BARE	PASSED	2	["P1/P2", "P1/P3"]
receipts/P15_CR_cosmology/P15_the_height_target_was_below_the_resolution_of_its_own_statistic.py	CONV	PASSED	5	["NK=600  LMAXL=2000  NLOS=560   (baseline)", "NK=850  LMAXL=2000  NLOS=560   (k-sampling x1.42)", "NK=600  LMAXL=2600  NLOS=560   (k-range x1.30)", "NK=600  LMAXL=2000  NLOS=1000  (eta-sampling x1.79)", "NK=500  LMAXL=1300  NLOS=560   (the k integral TRUNCATED)"]
receipts/P15_CR_cosmology/P15_the_height_target_was_below_the_resolution_of_its_own_statistic.py	PINNED	ITERATED	2	["c54.175_lcdm", "c54.175_cr"]
receipts/P15_CR_cosmology/P15_the_laps_own_closure_is_a_translation_by_sqrt3_alpha_so_the_reflection_that_the_absolute_radius_implements_is_not_the_substrate_identification_and_the_two_agree_at_one_point_only.py	_ONEPT_ARMS	PASSED	2	["one point of the substrate, which the bead meets on the way in and again one full lap later", "one point of the substrate with the back seam the bead meets on the way in"]
receipts/P15_CR_cosmology/P15_the_laws_six_of_seven_is_five_at_the_quoted_floor_which_is_one_phases_and_with_the_instruments_own_error_divided_out_all_seven_hold.py	FN	ITERATED+PASSED	5	["env_a", "osc", "_fit", "fit_period", "band_amp"]
receipts/P15_CR_cosmology/P15_the_likelihood_sees_the_step_and_separates_the_two_channels_so_the_demonstration_does_not_cover_it.py	LOSMARK	ITERATED+PASSED	4	["c54.17", "c54.178_", "L814_", "r6784_"]
receipts/P15_CR_cosmology/P15_the_likelihood_sees_the_step_and_separates_the_two_channels_so_the_demonstration_does_not_cover_it.py	SOLVEMARK	ITERATED+PASSED	3	["ACOUSTIC_two_arm", "subprocess", "os.system"]
receipts/P15_CR_cosmology/P15_the_locus_is_wrong_in_six_places_and_the_lint_cannot_see_the_worst.py	GONE	ITERATED	5	["The branch point is sub-horizon for the acoustic modes", "inside the horizon at the branch point", "already sub-horizon at the branch point", "the branch point sits on its rising branch", "reaching the branch point with the same driving amplitude"]
receipts/P15_CR_cosmology/P15_the_no_fit_confrontation_is_three_per_bin_and_its_residual_carries_a_nine_sigma_modulation_at_the_combs_own_period_which_binning_at_that_period_cancels.py	SPEC	ITERATED+PASSED	4	["nofit_lcdm", "nofit_cr", "refit_lcdm", "refit_cr"]
receipts/P15_CR_cosmology/P15_the_one_ground_admits_exactly_one_independent_second_support_and_it_is_disqualified_because_the_rays_that_carry_the_flat_length_carry_a_blueshift.py	_outcomes	ITERATED+PASSED	4	["THE SEARCH COMES BACK EMPTY", "A SECOND SUPPORT EXISTS AND DISCRIMINATES", "A CANDIDATE EXISTS AND IS NOT INDEPENDENT", "A CANDIDATE IS INDEPENDENT AND CANNOT DISCRIMINATE"]
receipts/P15_CR_cosmology/P15_the_one_ground_admits_exactly_one_independent_second_support_and_it_is_disqualified_because_the_rays_that_carry_the_flat_length_carry_a_blueshift.py	_sides	ITERATED+PASSED	5	["The chart side", "The beam side", "The observational side", "The thermodynamic/horizon side", "The mode side"]
receipts/P15_CR_cosmology/P15_the_optical_depth_is_a_photon_path_observable_so_it_takes_the_stacking_rate_and_the_visibility_ruling_is_withdrawn.py	Q2	ITERATED	3	["sec:tensions", "sec:tensions, the naturalness paragraph", "sec:refit-bound"]
receipts/P15_CR_cosmology/P15_the_phase_moves_with_the_datum_and_only_the_spacing_does_not.py	RUNS	ITERATED+PASSED	5	["control", "phi=0", "phi=pi/4", "phi=pi/2", "phi=pi"]
receipts/P15_CR_cosmology/P15_the_photon_hierarchy_in_the_transfer.py	CONV	PASSED	4	["hierarchy depth LG = 24 (production)", "hierarchy depth LG = 40", "handover at tau' = 3/Mpc (production)", "handover at tau' = 6/Mpc"]
receipts/P15_CR_cosmology/P15_the_photon_hierarchy_in_the_transfer.py	CR	PASSED	6	["c54.168  delta-function transfer", "c54.173  line-of-sight", "c54.175  + derived damping", "c54.176  + damping scan", "c54.177  + derived 16/15", "c54.178  + the full hierarchy"]
receipts/P15_CR_cosmology/P15_the_progenitor_spectrum_is_defined_before_the_lift_so_the_envelope_applies_to_it_and_the_horizon_scale_on_both_lorentzian_legs_is_the_same_pure_number.py	BG	ITERATED	2	["refit", "instrument"]
receipts/P15_CR_cosmology/P15_the_refit_bound_figures_all_reproduce_and_one_of_them_is_a_ratio_standing_where_a_per_bin_chi2_is_read.py	CFG	ITERATED	3	["L2000", "grid base", "r185 verify"]
receipts/P15_CR_cosmology/P15_the_refit_bound_figures_all_reproduce_and_one_of_them_is_a_ratio_standing_where_a_per_bin_chi2_is_read.py	ROWS	ITERATED	8	["chi2_ctl", "chi2_arm", "bin_ctl", "bin_arm", "ratio", "rf_bin_ctl", "rf_bin_arm", "rf_ratio"]
receipts/P15_CR_cosmology/P15_the_residual_does_not_sit_at_ell_A_it_sits_four_per_cent_off_and_the_visibility_width_candidate_predicts_an_ell_dependence_the_ratio_does_not_have.py	BANK	PASSED	6	["per_bin", "refit_pb", "nbins", "arm_fold", "ctrl_fold", "refit_fold"]
receipts/P15_CR_cosmology/P15_the_residual_does_not_sit_at_ell_A_it_sits_four_per_cent_off_and_the_visibility_width_candidate_predicts_an_ell_dependence_the_ratio_does_not_have.py	PAT	ITERATED+PASSED	6	["per_bin", "refit_pb", "nbins", "arm_fold", "ctrl_fold", "refit_fold"]
receipts/P15_CR_cosmology/P15_the_seam_sec_envelope_means_is_the_front_chart_value_and_the_collapse_leg_ends_at_the_turnaround_instead_where_the_speed_is_zero_while_every_seam_carries_it_exactly_one.py	_240_ARMS	PASSED	2	["The branch point sits two thirds of the lap in from it ($240^\\circ$, with $120^\\circ$ remaining)", "The branch point sits two thirds of the lap in from the front seam ($240^\\circ$, with $120^\\circ$ remaining)"]
receipts/P15_CR_cosmology/P15_the_seam_sec_envelope_means_is_the_front_chart_value_and_the_collapse_leg_ends_at_the_turnaround_instead_where_the_speed_is_zero_while_every_seam_carries_it_exactly_one.py	_ONEPT_ARMS	PASSED	2	["one point of the substrate, which the bead meets on the way in and again one full lap later", "one point of the substrate with the back seam the bead meets on the way in"]
receipts/P15_CR_cosmology/P15_the_seam_sec_envelope_means_is_the_front_chart_value_and_the_collapse_leg_ends_at_the_turnaround_instead_where_the_speed_is_zero_while_every_seam_carries_it_exactly_one.py	_speeds	PASSED	3	["back seam", "front seam", "end of the collapse leg"]
receipts/P15_CR_cosmology/P15_the_spacing_deficit_survives_the_one_fitted_parameter.py	TARGETS	PASSED	5	["260", "280", "301.6", "320", "340"]
receipts/P15_CR_cosmology/P15_the_symmetric_comparison_was_never_runnable_and_the_quarter_was_two_fifths.py	RUNS	PASSED	4	["CR, at its pin", "control, as shipped", "control, start matched", "control, start + convention matched"]
receipts/P15_CR_cosmology/P15_the_term_mix_does_not_carry_the_modulation_and_it_survives_in_the_part_no_channel_explains.py	LOSMARK	ITERATED+PASSED	4	["c54.17", "c54.178_", "L814_", "r6784_"]
receipts/P15_CR_cosmology/P15_the_term_mix_does_not_carry_the_modulation_and_it_survives_in_the_part_no_channel_explains.py	SOLVEMARK	ITERATED+PASSED	3	["ACOUSTIC_two_arm", "subprocess", "os.system"]
receipts/P15_CR_cosmology/P15_the_term_mix_is_the_first_channel_to_produce_cost_where_the_arm_is_rejected_and_the_excess_there_is_combed_at_the_acoustic_period.py	LOSMARK	ITERATED+PASSED	4	["c54.17", "c54.178_", "L814_", "r6784_"]
receipts/P15_CR_cosmology/P15_the_term_mix_is_the_first_channel_to_produce_cost_where_the_arm_is_rejected_and_the_excess_there_is_combed_at_the_acoustic_period.py	RULES	PASSED	3	["sum", "product", "quadrature"]
receipts/P15_CR_cosmology/P15_the_term_mix_is_the_first_channel_to_produce_cost_where_the_arm_is_rejected_and_the_excess_there_is_combed_at_the_acoustic_period.py	SOLVEMARK	ITERATED+PASSED	3	["ACOUSTIC_two_arm", "subprocess", "os.system"]
receipts/P15_CR_cosmology/P15_the_term_mix_is_the_first_channel_to_produce_cost_where_the_arm_is_rejected_and_the_excess_there_is_combed_at_the_acoustic_period.py	SPEC	PASSED	1	["the ARM"]
receipts/P15_CR_cosmology/P15_the_three_instruments_with_no_noise_model_one_can_be_given_a_floor_and_ten_passages_quote_a_significance_or_share_the_instrument_cannot_bear.py	PASS	ITERATED+PASSED	12	["SIG", "SIG", "SIG", "SIG", "SIG", "SIG", "SIG", "SIG", "SIG", "SIG", "SHARE", "TEXT"]
receipts/P15_CR_cosmology/P15_the_two_data_are_one.py	CHECKS	ITERATED	5	["P15 says the naturalness argument fails, by name", "P15 states the handover ratio at ~9e8", "P15 states the eta ~ 0.5 consequence", "P15 states the ratio at a placed start is that start restated, and there is none", "P7 carries the corrected accounting: no second datum beside eta"]
receipts/P15_CR_cosmology/P15_the_two_data_are_one.py	here	ITERATED+PASSED	2	["One quantity the handover does not supply is a second datum beside $\\eta$", "so it is the start restated rather than an inheritance"]
receipts/P16_cosmogenesis_paper/P16_CR_makes_no_Neff_prediction_because_it_fixes_a_place_and_not_a_coupling.py	COMMIT	ITERATED	2	["the post-annihilation temperature ratio is hard-coded", "and three species enter the entropy count"]
receipts/P16_cosmogenesis_paper/P16_CR_makes_no_Neff_prediction_because_it_fixes_a_place_and_not_a_coupling.py	TERMS	PASSED	3	["N_eff (any spelling)", "3.046", "\"effective number of\""]
receipts/P16_cosmogenesis_paper/P16_CR_makes_no_Neff_prediction_because_it_fixes_a_place_and_not_a_coupling.py	WALL	ITERATED	2	["the corpus states su(3) is not a subalgebra of the substrate's isometry algebra", "and p0 declines a geometric origin for the gauge content"]
receipts/P16_cosmogenesis_paper/P16_CR_makes_no_Neff_prediction_because_it_fixes_a_place_and_not_a_coupling.py	WRITTEN	ITERATED	5	["names N_eff and gives the adopted value with its provenance", "states that what is fixed is a place and not a coupling", "states plainly that no prediction is made", "gives Planck's value for comparison", "and puts the stance under F1 rather than a new trip-wire"]
receipts/P16_cosmogenesis_paper/P16_the_adiabatic_premise_is_demanded_by_the_data_and_inherited_by_the_construction.py	CHECKS	ITERATED	6	["P16 already says the progenitor carries a nearly scale-invariant ADIABATIC spectrum", "and calls it a fully specified input rather than an idealisation to be chosen", "the replaced sentence is gone", "the number is now in the paper", "with the amplitude fit stated so the rescaling objection is visibly pre-empted", "and the inherit-not-predict limit stated in the paper's own voice"]
receipts/P17_geometric_core_paper/P0_the_order_parameter_is_the_offset_and_it_is_bounded_by_the_nariai_member.py	CHECKS	ITERATED	8	["p0 states the parity as the geometric mass-reflection r_0 -> -r_0", "P3 carries the slicing relation 2M = r_0 - r_0^3", "P3 reads the regime range off the discriminant 4 - 3 r_0^2", "P3 derives the offset from the observer's sky image rather than positing it", "P3 calls that the symmetry breaking, located precisely", "and p0 now NAMES the Higgs mechanism, which appeared nowhere in the corpus", "p0 states the bound and names the Nariai mass", "p0 keeps F1 explicit rather than inheriting it"]
receipts/P17_geometric_core_paper/P17_the_budget_has_three_entries_and_one_has_split.py	FACTORS	PASSED	3	["graze point -> colour", "horn -> weak isospin", "ruling (R) -> chirality"]
receipts/P17_geometric_core_paper/P17_the_budget_has_three_entries_and_one_has_split.py	STATE	ITERATED	3	["rho_r/rho_m", "gauge assignment", "mass values"]
receipts/P17_geometric_core_paper/P17_the_ds_entropy_is_the_gauge_count_squared_and_is_the_cc_number.py	ANCHORS	ITERATED	3	["p0's gauge-count sentence, which the clause squares", "\u26a0 p0's cosmological-constant 10\\^122 sentence, which the clause coincides with", "and p0's reading of a Planck value as a gauge and not a scale, which does the dissolving"]
receipts/P17_geometric_core_paper/P17_the_ds_entropy_is_the_gauge_count_squared_and_is_the_cc_number.py	WRITTEN	ITERATED	9	["the entropy is named at all \u2014 it was at ZERO uses in p0 before this revision", "the three forms are given in one display", "and reduced to the Lambda form", "it is called the gauge-count squared and nothing further", "the no-new-scale statement is made", "\u26ed the coincidence with the cosmological-constant factor is stated as identity, not size", "the 3/8 is given rather than waved at", "the one-register/cross-register reason for the asymmetry is stated", "\u26ed and the question the not-claimed left open is SETTLED per member (r6869, PO-48): the area law carries at the substrate's horizon and is undetermined at the forced member"]
receipts/P17_geometric_core_paper/P17_the_frontier_item_is_a_result_and_the_cosmogenesis_paper_reaches_it_the_other_way.py	GONE	PASSED	2	["the old owing sentence is no longer in p0", "What is owed\\s*\\n?there is its derivation from the progenitor collapse"]
receipts/P17_geometric_core_paper/P17_the_frontier_item_is_a_result_and_the_cosmogenesis_paper_reaches_it_the_other_way.py	P16_SAYS	ITERATED	4	["P16 states that dissociation destroys the composition", "P16 states that it cannot destroy baryon number", "P16 draws the conclusion in exactly those terms", "and calls the distinction two kinds of thing"]
receipts/P17_geometric_core_paper/P17_the_frontier_item_is_a_result_and_the_cosmogenesis_paper_reaches_it_the_other_way.py	WRITTEN	ITERATED	8	["the result is stated in the paper's own single voice \u2014 the derivation is impossible, for a structural reason, and not owed", "the standing receipt is cited rather than re-derived", "the scaling reason is given", "the multiplicative-crossing reason is given", "and the impossibility is stated as the finding: the ratio is a clock reading, not a carried datum", "\u26ed the CORRECTED cross-reference is on the conservation law", "it names baryon number as the protected quantity", "and states the two reasons as independent and agreeing"]
receipts/P17_geometric_core_paper/P17_the_ledgers_entropy_is_the_de_sitter_readings_and_the_other_reading_has_a_number_but_not_an_entropy.py	seats	PASSED	3	["de Sitter reading  r = alpha", "forced member      r = r_N  ", "collapse reading   r = 2M   "]
receipts/RP_34_gr/G2_the_blind_run.py	ENVS	PASSED	4	["theorem", "corollary", "proposition", "lemma"]
