receipt	collection	line	polarity	papers	n_strings	strings
receipts/L247_the_build_already_stands/B1_the_geometry_po14_asks_for_was_built_at_r2419.py	MARKS	103	PRESENT	dynamics_paper.tex	8	["\\label{sec:unpolarized}", "restoring the second polarization", "wave map into the hyperbolic plane", "Gaussian curvature $-1$", "determinant $-1$", "identity component does not reach", "e^{2P}\\,Q_t", "c\\mapsto-c"]
receipts/L257_the_label_did_double_duty/V1_a_strike_that_reads_as_done_and_a_paper_that_says_otherwise.py	FIVE	92	ABSENT		5	["114e4d9ede", "dc0202b02d", "fb2d798ceb", "f36eef9790", "988eda39e1"]
receipts/L561_the_probe_was_the_defect/C1_item_45_answered_against_myself_the_rehoming_lost_nothing.py	EXTRA	172	ABSENT		2	["the general leaf identity IS the Hamiltonian constraint (rehomed as eq:bend-general)", "the concrete matter model produces the light-element abundances"]
receipts/L561_the_probe_was_the_defect/C1_item_45_answered_against_myself_the_rehoming_lost_nothing.py	PAIRS	171	ABSENT		6	["the cut's advance is generated by a true Hamiltonian", "a characteristic crossing with no curvature obstruction", "That worldline dynamics is taken up for a concrete matter model", "the deepest question the construction opens onto", "Since the framework leaves the dynamics of general relativity unchanged", "the first dynamical bend the construction displays, in vacuum"]
receipts/L561_the_probe_was_the_defect/C1_item_45_answered_against_myself_the_rehoming_lost_nothing.py	PAIRS	244	PRESENT		6	["the cut's advance is generated by a true Hamiltonian", "a characteristic crossing with no curvature obstruction", "That worldline dynamics is taken up for a concrete matter model", "the deepest question the construction opens onto", "Since the framework leaves the dynamics of general relativity unchanged", "the first dynamical bend the construction displays, in vacuum"]
receipts/L_probability/C1_the_citation_sweep_finds_no_headline_mis_cited_and_thirteen_below_it_that_cite_the_wrong_receipt_or_none.py	HEAD	306	PRESENT		13	["P16_recollapse_is_the_nariai_threshold", "P16_theory_error_and_likelihood", "P17_no_second_scale_on_either_face", "Q3_cayley_klein", "Q6r_polar_is_the_background", "P14_dual_norm", "P14_leaf_compactness", "P14_mode_monodromy_at_the_wall", "P14_the_count_specified", "W1_the_two_plus_one_plus_one_is_excluded_by_a_symmetry_the_chiral_member_does_not_have", "P14_the_twist_conjugates_T_it_does_not_project_it", "P14_quark_lepton_frontier", "C1_the_weyl_closure_is_generic_to_cubics_and_the_match_is_D3_alone"]
receipts/L_probability/C1_the_citation_sweep_finds_no_headline_mis_cited_and_thirteen_below_it_that_cite_the_wrong_receipt_or_none.py	II	394	ABSENT		12	["CR_cosmology", "CR_cosmology", "CR_cosmology", "CR_cosmology", "CR_cosmology", "CR_cosmology", "CR_cosmology", "CR_cosmology", "CR_cosmology", "CR_cosmology", "cosmogenesis", "modern_parallax"]
receipts/L_probability/S3_the_openness_subclass_is_read_in_full_and_the_flag_cannot_tell_a_pin_that_breaks_on_its_own_success_from_one_that_never_breaks_at_all.py	READ	195	PRESENT		24	["L200_free_data_count/U1", "L202_phase_at_the_seam/Z1", "L202_phase_at_the_seam/Z1", "L202_phase_at_the_seam/Z2", "L211_closure_adjacency/A3", "L211_closure_adjacency/A5", "L221_quark_lepton/Q1", "L221_the_bridge/B15", "L221_the_bridge/B21", "L221_the_bridge/B21", "L221_the_bridge/B21", "L221_the_bridge/B45", "L221_the_bridge/B53", "L256_the_band_taken/B1", "L257_the_label_did_double_duty/V1", "L263_the_station_audit/S1", "L263_the_station_audit/S1", "L268_broken_by_its_own_edit/O1", "L269_the_second_theatre/T1", "P10_canonical_time/P10_the_regulator_passage", "P12_algebroid/A8", "P15_CR_cosmology/P15_the_corpus_places_every_perturbation_source", "P15_CR_cosmology/P15_the_likelihood_sees_the_step", "P15_CR_cosmology/P15_the_likelihood_sees_the_step"]
receipts/L_probability/S4_the_exact_count_on_a_set_another_seat_can_grow_is_rare_in_this_seats_work_and_the_one_live_instance_was_this_revisions_own_predecessor.py	SHARED	113	PRESENT		14	["quote_pin_baseline", "prose_pin_baseline", "unread_figure_baseline", "INDEX.md", "THE_REGISTER", "PROTECTED_OPEN", "THE_FRONTIER", "OWED.md", "THE_WEAVE", "CORPUS_MAP", "PO13_WORKING_STATE", "marker_transposition_baseline", "THE_OPEN_PROBLEMS_LEDGER", "OPEN_PROBLEMS_MAP"]
receipts/L_probability/S5_the_set_shaped_class_is_absent_from_the_gate_layer_and_two_thirds_of_what_remains_sits_at_the_one_value_where_the_standing_guards_repair_is_a_tautology.py	SHARED	154	PRESENT		14	["quote_pin_baseline", "prose_pin_baseline", "unread_figure_baseline", "INDEX.md", "THE_REGISTER", "PROTECTED_OPEN", "THE_FRONTIER", "OWED.md", "THE_WEAVE", "CORPUS_MAP", "PO13_WORKING_STATE", "marker_transposition_baseline", "THE_OPEN_PROBLEMS_LEDGER", "OPEN_PROBLEMS_MAP"]
receipts/P01_BH_causality/P1_the_trapped_surface_theorem_is_cited_as_a_theorem_and_never_as_an_open_test.py	REPAIRED_REACHED	108	PRESENT		3	["CR_framework.tex", "janzen_circle_v3.tex", "canonical_time.tex"]
receipts/P07_CR_framework/P07_the_trio_is_a_pair_because_the_foliations_umbilicity_and_the_photon_sphere_are_one_equation_on_any_static_sphere_and_what_merges_at_the_forced_member_is_kappa_with_lambda.py	_FOL	110	PRESENT		3	["umbilic", "constant-$r$", "extrinsic"]
receipts/P07_CR_framework/P07_the_trio_is_a_pair_because_the_foliations_umbilicity_and_the_photon_sphere_are_one_equation_on_any_static_sphere_and_what_merges_at_the_forced_member_is_kappa_with_lambda.py	_OWN	110	PRESENT		4	["layer", "leaf", "geometry", "multiplet"]
receipts/P10_canonical_time/P10_the_frequency_shift_is_the_curvature_term_at_every_level_so_the_log_coefficient_is_fifteen_quarters.py	UNTOUCHED	507	PRESENT		3	["L165_interacting_tower/D2_the_UV_degree_is_quartic_and_the_IR_is_free.py", "L554_tower_degeneracy/D1_the_degeneracy_carrying_the_quartic_was_never_derived_and_its_constant_is_the_component_count.py", "P10_canonical_time/P10_the_thermal_condition_is_helicity_blind_at_the_mode_functions_and_the_parity_odd_entry_is_not_owed.py"]
receipts/P12_algebroid/A7_the_frontier_has_two_kinds.py	PREDICTION_IDS	148	PRESENT		2	["PO-7", "PO-10"]
receipts/P14_matter_sector_paper/P14_naming_a_derived_object.py	CENSUS	218	PRESENT		8	["the wall", "the branch point", "the hinge", "the vantage", "the root", "the leg", "the horn", "the ruling"]
receipts/P15_CR_cosmology/P15_all_three_projections_clear_the_instrument_noise_null_so_the_term_mixs_cost_is_combed_after_all.py	LOSMARK	109	PRESENT		4	["c54.17", "c54.178_", "L814_", "r6784_"]
receipts/P15_CR_cosmology/P15_all_three_projections_clear_the_instrument_noise_null_so_the_term_mixs_cost_is_combed_after_all.py	SOLVEMARK	111	PRESENT		3	["ACOUSTIC_two_arm", "subprocess", "os.system"]
receipts/P15_CR_cosmology/P15_no_paper_fixes_the_primordial_normalisation_because_three_sentences_inherit_it_and_the_L_to_ell_map_is_a_projection_whose_width_passes_the_mode_spacing.py	_SPECTRAL	172	PRESENT	cosmogenesis_paper.tex	6	["amplitude", "spectrum", "spectral", "A_s", "primordial", "tilt"]
receipts/P15_CR_cosmology/P15_no_statistic_this_construction_can_build_resolves_the_two_channels_and_the_phase_step_dies_on_a_matched_width_control.py	LOSMARK	89	PRESENT		8	["222", "538", "818", "1134", "c54.17", "c54.178_", "L814_", "r6784_"]
receipts/P15_CR_cosmology/P15_no_statistic_this_construction_can_build_resolves_the_two_channels_and_the_phase_step_dies_on_a_matched_width_control.py	SOLVEMARK	92	PRESENT		3	["ACOUSTIC_two_arm", "subprocess", "os.system"]
receipts/P15_CR_cosmology/P15_the_accounting_closes_but_cannot_attribute_because_the_share_is_the_cosine_of_a_phase_offset.py	LOSMARK	97	PRESENT		4	["c54.17", "c54.178_", "L814_", "r6784_"]
receipts/P15_CR_cosmology/P15_the_accounting_closes_but_cannot_attribute_because_the_share_is_the_cosine_of_a_phase_offset.py	SOLVEMARK	99	PRESENT		3	["ACOUSTIC_two_arm", "subprocess", "os.system"]
receipts/P15_CR_cosmology/P15_the_band_one_departure_is_not_in_the_likelihoods_excess_and_all_three_channels_match_it_in_separating_power.py	LOSMARK	96	PRESENT		4	["c54.17", "c54.178_", "L814_", "r6784_"]
receipts/P15_CR_cosmology/P15_the_band_one_departure_is_not_in_the_likelihoods_excess_and_all_three_channels_match_it_in_separating_power.py	SOLVEMARK	98	PRESENT		3	["ACOUSTIC_two_arm", "subprocess", "os.system"]
receipts/P15_CR_cosmology/P15_the_bank_already_existed_and_the_doppler_carries_a_growing_minority_of_the_excess.py	LOSMARK	99	PRESENT		8	["222", "538", "818", "1134", "c54.17", "c54.178_", "L814_", "r6784_"]
receipts/P15_CR_cosmology/P15_the_bank_already_existed_and_the_doppler_carries_a_growing_minority_of_the_excess.py	SOLVEMARK	102	PRESENT		3	["ACOUSTIC_two_arm", "subprocess", "os.system"]
receipts/P15_CR_cosmology/P15_the_coupling_is_measured_and_negative_and_the_contribution_is_undetermined_because_its_input_is.py	LOSMARK	103	PRESENT		8	["222", "538", "818", "1134", "c54.17", "c54.178_", "L814_", "r6784_"]
receipts/P15_CR_cosmology/P15_the_coupling_is_measured_and_negative_and_the_contribution_is_undetermined_because_its_input_is.py	SOLVEMARK	106	PRESENT		3	["ACOUSTIC_two_arm", "subprocess", "os.system"]
receipts/P15_CR_cosmology/P15_the_held_period_estimator_reaches_below_the_floor_and_the_tooth_that_would_decide_cannot_be_applied.py	LOSMARK	113	PRESENT		8	["222", "538", "818", "1134", "c54.17", "c54.178_", "L814_", "r6784_"]
receipts/P15_CR_cosmology/P15_the_held_period_estimator_reaches_below_the_floor_and_the_tooth_that_would_decide_cannot_be_applied.py	SOLVEMARK	116	PRESENT		3	["ACOUSTIC_two_arm", "subprocess", "os.system"]
receipts/P15_CR_cosmology/P15_the_laws_six_of_seven_is_five_at_the_quoted_floor_which_is_one_phases_and_with_the_instruments_own_error_divided_out_all_seven_hold.py	FN	91	PRESENT		5	["env_a", "osc", "_fit", "fit_period", "band_amp"]
receipts/P15_CR_cosmology/P15_the_likelihood_sees_the_step_and_separates_the_two_channels_so_the_demonstration_does_not_cover_it.py	LOSMARK	90	PRESENT		4	["c54.17", "c54.178_", "L814_", "r6784_"]
receipts/P15_CR_cosmology/P15_the_likelihood_sees_the_step_and_separates_the_two_channels_so_the_demonstration_does_not_cover_it.py	SOLVEMARK	93	PRESENT		3	["ACOUSTIC_two_arm", "subprocess", "os.system"]
receipts/P15_CR_cosmology/P15_the_locus_is_wrong_in_six_places_and_the_lint_cannot_see_the_worst.py	GONE	296	PRESENT	CR_cosmology.tex	5	["The branch point is sub-horizon for the acoustic modes", "inside the horizon at the branch point", "already sub-horizon at the branch point", "the branch point sits on its rising branch", "reaching the branch point with the same driving amplitude"]
receipts/P15_CR_cosmology/P15_the_lowest_band_is_closed_by_the_fields_and_the_excess_deceleration_is_carried_by_it_alone.py	LOSMARK	118	PRESENT		8	["222", "538", "818", "1134", "c54.17", "c54.178_", "L814_", "r6784_"]
receipts/P15_CR_cosmology/P15_the_lowest_band_is_closed_by_the_fields_and_the_excess_deceleration_is_carried_by_it_alone.py	SOLVEMARK	121	PRESENT		3	["ACOUSTIC_two_arm", "subprocess", "os.system"]
receipts/P15_CR_cosmology/P15_the_model_difference_is_an_acoustic_contrast_difference_and_it_is_not_one_skys_luck.py	CAND	615	PRESENT		4	["ln24", "noisw", "dre0", "drc0"]
receipts/P15_CR_cosmology/P15_the_one_ground_admits_exactly_one_independent_second_support_and_it_is_disqualified_because_the_rays_that_carry_the_flat_length_carry_a_blueshift.py	_outcomes	210	PRESENT		4	["THE SEARCH COMES BACK EMPTY", "A SECOND SUPPORT EXISTS AND DISCRIMINATES", "A CANDIDATE EXISTS AND IS NOT INDEPENDENT", "A CANDIDATE IS INDEPENDENT AND CANNOT DISCRIMINATE"]
receipts/P15_CR_cosmology/P15_the_one_ground_admits_exactly_one_independent_second_support_and_it_is_disqualified_because_the_rays_that_carry_the_flat_length_carry_a_blueshift.py	_sides	210	PRESENT		5	["The chart side", "The beam side", "The observational side", "The thermodynamic/horizon side", "The mode side"]
receipts/P15_CR_cosmology/P15_the_onset_bracket_family_is_latent_everywhere_and_was_live_in_one_place.py	widened	191	PRESENT		12	["computations/beyond_the_wall/ACOUSTIC_two_arm.py", "hubble_build/desi_dr2_confrontation.py", "hubble_build/hubble_expansion_confrontation_v2.py", "hubble_build/make_hubble_figure.py", "receipts/P15_CR_cosmology/P15_desi_dr2_confrontation.py", "receipts/P15_CR_cosmology/P15_hubble_expansion_confrontation_v2.py", "5.0e6", "5e6", "5e6", "5e6", "5e6", "5e6"]
receipts/P15_CR_cosmology/P15_the_optical_depth_is_a_photon_path_observable_so_it_takes_the_stacking_rate_and_the_visibility_ruling_is_withdrawn.py	Q2	374	PRESENT	CR_cosmology.tex,CR_framework.tex	3	["sec:tensions", "sec:tensions, the naturalness paragraph", "sec:refit-bound"]
receipts/P15_CR_cosmology/P15_the_resolution_table_eight_of_the_eleven_instruments_cannot_represent_the_comb_period_and_four_smallest_shares_are_honest_blanks.py	ENUM	87	PRESENT		11	["the contrast statistic", "the held-period amplitude", "the window-free peak-to-trough depth", "the extremal envelope", "the differential estimator", "the bilinear decomposition `SRCDEC`", "the comb-phase projection", "the projection-width kernel", "the anchored peak/trough locator", "**`plik_lite` TT, the likelihood**", "**the refit $\\chi^2$ and its derivative grid**"]
receipts/P15_CR_cosmology/P15_the_step_is_the_excesss_own_and_it_sits_at_the_second_acoustic_peak_and_none_of_the_four_produces_it.py	LOSMARK	93	PRESENT		8	["222", "538", "818", "1134", "c54.17", "c54.178_", "L814_", "r6784_"]
receipts/P15_CR_cosmology/P15_the_step_is_the_excesss_own_and_it_sits_at_the_second_acoustic_peak_and_none_of_the_four_produces_it.py	SOLVEMARK	96	PRESENT		3	["ACOUSTIC_two_arm", "subprocess", "os.system"]
receipts/P15_CR_cosmology/P15_the_step_survives_a_differential_estimator_and_no_single_bilinear_term_carries_the_shared_step_though_the_doppler_leads_it.py	LOSMARK	99	PRESENT		8	["222", "538", "818", "1134", "c54.17", "c54.178_", "L814_", "r6784_"]
receipts/P15_CR_cosmology/P15_the_step_survives_a_differential_estimator_and_no_single_bilinear_term_carries_the_shared_step_though_the_doppler_leads_it.py	SOLVEMARK	102	PRESENT		3	["ACOUSTIC_two_arm", "subprocess", "os.system"]
receipts/P15_CR_cosmology/P15_the_surviving_step_is_amplitude_and_not_phase_and_the_candidate_shares_do_not_survive_the_change_of_denominator.py	LOSMARK	90	PRESENT		8	["222", "538", "818", "1134", "c54.17", "c54.178_", "L814_", "r6784_"]
receipts/P15_CR_cosmology/P15_the_surviving_step_is_amplitude_and_not_phase_and_the_candidate_shares_do_not_survive_the_change_of_denominator.py	SOLVEMARK	93	PRESENT		3	["ACOUSTIC_two_arm", "subprocess", "os.system"]
receipts/P15_CR_cosmology/P15_the_term_mix_does_not_carry_the_modulation_and_it_survives_in_the_part_no_channel_explains.py	LOSMARK	104	PRESENT		4	["c54.17", "c54.178_", "L814_", "r6784_"]
receipts/P15_CR_cosmology/P15_the_term_mix_does_not_carry_the_modulation_and_it_survives_in_the_part_no_channel_explains.py	SOLVEMARK	106	PRESENT		3	["ACOUSTIC_two_arm", "subprocess", "os.system"]
receipts/P15_CR_cosmology/P15_the_term_mix_is_the_first_channel_to_produce_cost_where_the_arm_is_rejected_and_the_excess_there_is_combed_at_the_acoustic_period.py	LOSMARK	111	PRESENT		4	["c54.17", "c54.178_", "L814_", "r6784_"]
receipts/P15_CR_cosmology/P15_the_term_mix_is_the_first_channel_to_produce_cost_where_the_arm_is_rejected_and_the_excess_there_is_combed_at_the_acoustic_period.py	SOLVEMARK	113	PRESENT		3	["ACOUSTIC_two_arm", "subprocess", "os.system"]
receipts/P15_CR_cosmology/P15_the_three_instruments_with_no_noise_model_one_can_be_given_a_floor_and_ten_passages_quote_a_significance_or_share_the_instrument_cannot_bear.py	PASS	217	PRESENT	CR_cosmology.tex	12	["SIG", "SIG", "SIG", "SIG", "SIG", "SIG", "SIG", "SIG", "SIG", "SIG", "SHARE", "TEXT"]
receipts/P15_CR_cosmology/P15_the_two_data_are_one.py	here	121	PRESENT	CR_framework.tex	2	["One quantity the handover does not supply is a second datum beside $\\eta$", "so it is the start restated rather than an inheritance"]
receipts/P15_CR_cosmology/P15_the_two_projection_widths_differ_by_the_jacobian_alone_and_the_channel_that_opens_is_a_quarter_of_the_excess.py	LOSMARK	135	PRESENT		8	["222", "538", "818", "1134", "c54.17", "c54.178_", "L814_", "r6784_"]
receipts/P15_CR_cosmology/P15_the_two_projection_widths_differ_by_the_jacobian_alone_and_the_channel_that_opens_is_a_quarter_of_the_excess.py	SOLVEMARK	139	PRESENT		3	["ACOUSTIC_two_arm", "subprocess", "os.system"]
receipts/P15_CR_cosmology/P15_the_window_free_reading_cannot_resolve_the_first_cycle_the_flatness_was_a_trend_and_nine_tenths_of_the_step_is_common_to_both_arms.py	LOSMARK	102	PRESENT		8	["222", "538", "818", "1134", "c54.17", "c54.178_", "L814_", "r6784_"]
receipts/P15_CR_cosmology/P15_the_window_free_reading_cannot_resolve_the_first_cycle_the_flatness_was_a_trend_and_nine_tenths_of_the_step_is_common_to_both_arms.py	SOLVEMARK	105	PRESENT		3	["ACOUSTIC_two_arm", "subprocess", "os.system"]
receipts/P15_CR_cosmology/P15_the_windows_phase_spread_is_nearly_equal_because_the_visibility_widens_as_the_leaf_clock_slows.py	TAP	410	PRESENT		6	["swap", "big", "swapall", "bigall", "nswap", "nbig"]
