receipts/L147_two_arm/B2_the_prose_duplicate_did_not_reach_main.py	"is now decomposed rather than"	PAPER	
receipts/L147_two_arm/B2_the_prose_duplicate_did_not_reach_main.py	"was decomposed alongside it"	PAPER	
receipts/L175_dimensional_descent/N1_the_cut_being_four_is_what_makes_the_dynamics_forced.py	"a structure \\emph{function} rather than a constant"	PAPER	
receipts/L200_free_data_count/U1_the_count_as_the_corpus_now_states_it.py	"Reach: stated as a target, not a result"	PAPER	
receipts/L200_free_data_count/U1_the_count_as_the_corpus_now_states_it.py	"Reach: the item has two sides"	PAPER	
receipts/L200_free_data_count/U1_the_count_as_the_corpus_now_states_it.py	"The item has two sides and they now stand differently"	PAPER	
receipts/L200_free_data_count/U1_the_count_as_the_corpus_now_states_it.py	"item has two sides and they now stand differently"	PAPER	
receipts/L200_free_data_count/U1_the_count_as_the_corpus_now_states_it.py	"that gap is now closed"	PAPER	
receipts/L200_free_data_count/U1_the_count_as_the_corpus_now_states_it.py	"the one input not derived here"	PAPER	
receipts/L200_free_data_count/U3_the_residue_is_one_and_it_is_already_counted.py	"Reach: the item has two sides"	PAPER	
receipts/L200_free_data_count/U3_the_residue_is_one_and_it_is_already_counted.py	"The item has two sides"	PAPER	
receipts/L200_free_data_count/U3_the_residue_is_one_and_it_is_already_counted.py	"item has two sides and they now stand differently, so it is split rather than carried whole"	PAPER	
receipts/L200_free_data_count/U3_the_residue_is_one_and_it_is_already_counted.py	"stated as a target, not a result"	PAPER	
receipts/L207_the_bend/W1_what_remains_between_the_wall_and_a_curve_dynamics.py	"Since the framework leaves the dynamics of general relativity unchanged"	PAPER	
receipts/L207_the_bend/W1_what_remains_between_the_wall_and_a_curve_dynamics.py	"That worldline dynamics is taken up for a concrete matter model"	PAPER	
receipts/L207_the_bend/W1_what_remains_between_the_wall_and_a_curve_dynamics.py	"a characteristic crossing with no curvature obstruction"	PAPER	
receipts/L207_the_bend/W1_what_remains_between_the_wall_and_a_curve_dynamics.py	"for a general spatial leaf the energy density is the leaf's intrinsic-curvature departure from the de~Sitter substrate"	PAPER	
receipts/L207_the_bend/W1_what_remains_between_the_wall_and_a_curve_dynamics.py	"the cut's advance is generated by a true Hamiltonian"	PAPER	
receipts/L207_the_bend/W1_what_remains_between_the_wall_and_a_curve_dynamics.py	"the deepest question the construction opens onto"	PAPER	
receipts/L207_the_bend/W1_what_remains_between_the_wall_and_a_curve_dynamics.py	"the first dynamical bend the construction displays, in vacuum"	PAPER	
receipts/L220_arrival_paths/V2_the_arrival_path_admits_no_metric.py	"[Established: proved here from the maximal-symmetry requirement"	PAPER	
receipts/L221_quark_lepton/C1_the_rows_premises_are_stale_and_the_split_is_specified.py	"a closure on a protected item is Daryl"	SOURCE	
receipts/L221_the_bridge/B21_the_three_levels_audited.py	"stand exactly as r693 set them"	SOURCE	
receipts/L237_gates_check_declarations/G50_the_receipt_runner_gate_was_green_because_its_cache_had_no_expiry.py	"eta fixes the abundances and the CMB peak HEIGHTS, rho_r/rho_m"	PAPER	
receipts/L246_the_achirality_is_the_obstruction/W1_the_two_plus_one_plus_one_is_excluded_by_a_symmetry_the_chiral_member_does_not_have.py	"named in the companion development and not"	PAPER	
receipts/L247_the_build_already_stands/B1_the_geometry_po14_asks_for_was_built_at_r2419.py	"5 \u26a0"	SOURCE	
receipts/L247_the_build_already_stands/B1_the_geometry_po14_asks_for_was_built_at_r2419.py	"BUILD"	SOURCE	
receipts/L247_the_build_already_stands/B1_the_geometry_po14_asks_for_was_built_at_r2419.py	"PO-14"	SOURCE	
receipts/L247_the_build_already_stands/B1_the_geometry_po14_asks_for_was_built_at_r2419.py	"THE UNBUILT CHIRAL MEMBER"	SOURCE	
receipts/L247_the_build_already_stands/B1_the_geometry_po14_asks_for_was_built_at_r2419.py	"named in the companion development and not"	PAPER	
receipts/L247_the_build_already_stands/B1_the_geometry_po14_asks_for_was_built_at_r2419.py	"two propagating modes"	SOURCE	
receipts/L247_the_build_already_stands/B1_the_geometry_po14_asks_for_was_built_at_r2419.py	"unpolarised"	SOURCE	
receipts/L249_a_pin_on_a_live_register/P1_a_check_that_pins_a_live_register_punishes_the_finding_it_defends.py	"s.find('. ', m.end())"	SOURCE	
receipts/L251_the_numbering_collides/N1_two_lines_numbering_from_one_counter_and_a_paper_narrating_its_own_history.py	"r1609"	PAPER	
receipts/L271_the_statistics_bake/S2_the_systematics_budget_is_absent_by_name_and_present_as_a_matched_control.py	"0.263"	PAPER	
receipts/L271_the_statistics_bake/S2_the_systematics_budget_is_absent_by_name_and_present_as_a_matched_control.py	"0.615"	PAPER	
receipts/L271_the_statistics_bake/S2_the_systematics_budget_is_absent_by_name_and_present_as_a_matched_control.py	"0.891"	PAPER	MULTI,SECSHARED
receipts/L271_the_statistics_bake/S2_the_systematics_budget_is_absent_by_name_and_present_as_a_matched_control.py	"185 bins"	PAPER	
receipts/L271_the_statistics_bake/S2_the_systematics_budget_is_absent_by_name_and_present_as_a_matched_control.py	"224"	PAPER	
receipts/L271_the_statistics_bake/S2_the_systematics_budget_is_absent_by_name_and_present_as_a_matched_control.py	"3.71"	PAPER	
receipts/L271_the_statistics_bake/S2_the_systematics_budget_is_absent_by_name_and_present_as_a_matched_control.py	"cannot arbitrate here"	PAPER	
receipts/L271_the_statistics_bake/S2_the_systematics_budget_is_absent_by_name_and_present_as_a_matched_control.py	"is not a $p$-value"	PAPER	
receipts/L271_the_statistics_bake/S2_the_systematics_budget_is_absent_by_name_and_present_as_a_matched_control.py	"seven parts in a thousand of the disagreement it is used to measure"	PAPER	
receipts/L271_the_statistics_bake/S2_the_systematics_budget_is_absent_by_name_and_present_as_a_matched_control.py	"seventy standard deviations"	PAPER	
receipts/L271_the_statistics_bake/S2_the_systematics_budget_is_absent_by_name_and_present_as_a_matched_control.py	"should not be read as the disagreement itself"	PAPER	
receipts/L271_the_statistics_bake/S2_the_systematics_budget_is_absent_by_name_and_present_as_a_matched_control.py	"the phase was never carrying it"	PAPER	
receipts/L274_the_harmonic_bake/H1_the_low_multipole_deficit_is_two_effects_and_the_ladder_imprint_dies_where_the_transfer_is_narrow.py	"waives itself on the claim that the ladder is physical"	PAPER	
receipts/L276_the_representation_theory_probe/R1_a_clause_that_outruns_its_own_premise_and_the_counterexample_is_the_papers_own_grading.py	"no character count on a finite group can produce three"	PAPER	
receipts/L548_propagating_sector/C1_the_tortoise_divergence_is_the_normalisation_of_the_object_not_the_obstruction_to_it.py	"the full \\emph{propagating} spinor field sector (the built modes being leaf-bound, not the propagating theory)"	PAPER	
receipts/L555_merge_duplication/M1_a_merge_duplicated_four_protected_rows_and_no_gate_saw_it.py	"ALL NINE of its INDEX rows were invisible to this gate"	SOURCE	
receipts/L555_merge_duplication/M1_a_merge_duplicated_four_protected_rows_and_no_gate_saw_it.py	"ln[:3].upper().startswith('| P') or ln.startswith('| `')"	SOURCE	
receipts/L805_freezing_reproduced/S1_every_mode_of_interest_freezes_and_the_inversion_is_closed.py	"IS AN ARGUMENT, NOT A COMPUTATION"	SOURCE	
receipts/L805_freezing_reproduced/S1_every_mode_of_interest_freezes_and_the_inversion_is_closed.py	"reproduced nowhere"	SOURCE	
receipts/L811_po7_inversions_closed/S1_all_three_po7_inversion_routes_are_closed_by_computation.py	"0.2069"	SOURCE	
receipts/L811_po7_inversions_closed/S1_all_three_po7_inversion_routes_are_closed_by_computation.py	"0.2628"	SOURCE	
receipts/L811_po7_inversions_closed/S1_all_three_po7_inversion_routes_are_closed_by_computation.py	"DOES NOT CLEAR"	SOURCE	
receipts/L811_po7_inversions_closed/S1_all_three_po7_inversion_routes_are_closed_by_computation.py	"NOTHING IS OWED BY DARYL"	SOURCE	OPEN
receipts/L811_po7_inversions_closed/S1_all_three_po7_inversion_routes_are_closed_by_computation.py	"\\{0,\\pi\\}"	SOURCE	
receipts/L811_po7_inversions_closed/S1_all_three_po7_inversion_routes_are_closed_by_computation.py	"`L-805`"	SOURCE	
receipts/L811_po7_inversions_closed/S1_all_three_po7_inversion_routes_are_closed_by_computation.py	"`L-806`"	SOURCE	
receipts/L811_po7_inversions_closed/S1_all_three_po7_inversion_routes_are_closed_by_computation.py	"`L-807`"	SOURCE	
receipts/L811_po7_inversions_closed/S1_all_three_po7_inversion_routes_are_closed_by_computation.py	"r2674 pointer"	SOURCE	
receipts/L815_seam_phase_derived/S1_the_seam_phase_is_derived_compression_correlated_on_the_observable_leg.py	"compression correlated with the well"	PAPER	
receipts/L815_seam_phase_derived/S1_the_seam_phase_is_derived_compression_correlated_on_the_observable_leg.py	"rarefaction against it"	PAPER	
receipts/P12_algebroid/A4_the_ledger_seven_swept.py	"Half a result, marked as half"	SOURCE	
receipts/P15_CR_cosmology/C19_the_branch_point_join.py	"a computed transfer function across the branch point is not yet in hand"	PAPER	OPEN
receipts/P15_CR_cosmology/C19_the_branch_point_join.py	"four per cent above its asymptote at recombination"	PAPER	
receipts/P15_CR_cosmology/C19_the_branch_point_join.py	"has no early integrated Sachs--Wolfe term where flat"	PAPER	
receipts/P15_CR_cosmology/C19_the_branch_point_join.py	"that residual decay is what the line-of-sight integral picks up"	PAPER	
receipts/P15_CR_cosmology/C20_the_caveat_named_an_empty_set.py	"previously ran together, corrected at"	PAPER	
receipts/P15_CR_cosmology/C22_the_end_to_end_number.py	"four per cent above its asymptote at recombination"	PAPER	
receipts/P15_CR_cosmology/C24_the_substitution_itemised.py	"9.4"	PAPER	MULTI
receipts/P15_CR_cosmology/C24_the_substitution_itemised.py	"That figure and the $8.2\\%$ of"	PAPER	
receipts/P15_CR_cosmology/C25_the_gap_closed_by_integration.py	"9.4"	PAPER	MULTI
receipts/P15_CR_cosmology/C25_the_gap_closed_by_integration.py	"That figure and the $8.2\\%$ of"	PAPER	
receipts/P15_CR_cosmology/C25_the_gap_closed_by_integration.py	"so a single datum cannot absorb both observables"	PAPER	
receipts/P15_CR_cosmology/C27_the_number_bracketed.py	"9.4"	PAPER	MULTI
receipts/P15_CR_cosmology/C27_the_number_bracketed.py	"larger by $8.2\\%$"	PAPER	
receipts/P15_CR_cosmology/C28_length_against_angle.py	"9.4"	PAPER	MULTI
receipts/P15_CR_cosmology/C28_length_against_angle.py	"That figure and the $8.2\\%$ of"	PAPER	
receipts/P15_CR_cosmology/C30_the_odd_even_half_is_shared.py	"206.44"	PAPER	
receipts/P15_CR_cosmology/C30_the_odd_even_half_is_shared.py	"397.13"	PAPER	
receipts/P15_CR_cosmology/C31_half_one_owes_a_rule.py	"206.44"	PAPER	
receipts/P15_CR_cosmology/C31_half_one_owes_a_rule.py	"397.13"	PAPER	
receipts/P15_CR_cosmology/C34_the_deliverable_is_a_pair.py	"cannot close the discrepancy"	PAPER	
receipts/P15_CR_cosmology/C34_the_deliverable_is_a_pair.py	"own phase freedom is a real lever on it and spans a third of it"	PAPER	
receipts/P15_CR_cosmology/C34_the_deliverable_is_a_pair.py	"thirty-four per cent, and no further"	PAPER	
receipts/P15_CR_cosmology/C36_the_negative_is_the_envelope.py	"so the ratio is $0.84$ at $\\ell_{D}$"	PAPER	
receipts/P15_CR_cosmology/C36_the_negative_is_the_envelope.py	"with $r=\\theta_{D}/\\theta_{*}=1.082$"	PAPER	
receipts/P15_CR_cosmology/C41_a_tilde_is_stale_when_nothing_competes.py	"{\\sim}8\\%"	PAPER	
receipts/P15_CR_cosmology/C46_the_nine_are_right_and_the_one_is_wrong.py	"C10_highl_ratio"	PAPER	
receipts/P15_CR_cosmology/C46_the_nine_are_right_and_the_one_is_wrong.py	"larger by $8.2\\%$"	PAPER	
receipts/P15_CR_cosmology/C46_the_nine_are_right_and_the_one_is_wrong.py	"larger by $9.4\\%$"	PAPER	
receipts/P15_CR_cosmology/C46_the_nine_are_right_and_the_one_is_wrong.py	"r=\\theta_{D}/\\theta_{*}=1.082"	PAPER	
receipts/P15_CR_cosmology/C61_the_undriven_premise_is_false_on_the_rate_the_framework_assigns_the_perturbations.py	"crosses the horizon while there is a plasma to be driven, and on this rate the acoustic modes re-enter above the onset, so none of them does."	PAPER	
receipts/P15_CR_cosmology/P15_po31s_terminal_clause_counts_closures_and_the_label_is_many_to_one_so_the_count_is_four_and_five_at_once_and_the_quantifier_has_no_set.py	"THE LIVE CLAUSE (SET `r7197`)"	SOURCE	ALT
receipts/P15_CR_cosmology/P15_po31s_terminal_clause_counts_closures_and_the_label_is_many_to_one_so_the_count_is_four_and_five_at_once_and_the_quantifier_has_no_set.py	"THE LIVE CLAUSE (SET r7197)"	SOURCE	ALT
receipts/P15_CR_cosmology/P15_po31s_terminal_clause_counts_closures_and_the_label_is_many_to_one_so_the_count_is_four_and_five_at_once_and_the_quantifier_has_no_set.py	"THE TRANSFER IMPRINTS"	SOURCE	
receipts/P15_CR_cosmology/P15_the_low_ell_minimum_is_at_ell_four.py	"the second arm returns \\$?([\\d.]+)\\$?, \\$?([\\d.]+)\\$?, \\$?([\\d.]+)\\$? and \\$?([\\d.]+)\\$? against the first\\'s \\$?([\\d.]+)\\$?, \\$?([\\d.]+)\\$?, \\$?([\\d.]+)\\$? and \\$?([\\d.]+)\\$?"	PAPER	
receipts/P15_CR_cosmology/P15_the_spacing_drift_is_made_in_the_projection_so_the_construction_determines_it_and_the_handover_contributes_nothing.py	"a constant phase shift"	PAPER	LIST,MULTI
receipts/P15_CR_cosmology/P15_the_spacing_drift_is_made_in_the_projection_so_the_construction_determines_it_and_the_handover_contributes_nothing.py	"is an amplitude and not a phase"	PAPER	LIST,MULTI
receipts/P15_CR_cosmology/P15_the_spacing_drift_is_made_in_the_projection_so_the_construction_determines_it_and_the_handover_contributes_nothing.py	"rides entirely in the amplitude at horizon entry"	PAPER	LIST
receipts/P17_geometric_core_paper/P17_the_frontier_item_is_a_result_and_the_cosmogenesis_paper_reaches_it_the_other_way.py	"eta fixes the abundances and the CMB peak HEIGHTS, rho_r/rho_m\\s*\\n%\\s*the peak SPACING"	PAPER	
