# receipt	literal	D	class	status
receipts/L147_two_arm/B8_the_zero_velocity_band_is_a_third_of_the_gap.py	theta_g = (3/4) D k c_s sin(phi)	221	CLAUSE	REVERSAL-PARTIAL
receipts/L147_two_arm/B9_the_admissible_pair_is_forced_not_merely_distinguished.py	theta_g = (3/4) D k c_s sin(phi)	221	CLAUSE	REVERSAL-PARTIAL
receipts/L165_defining_the_sum/S2_c1_and_c2_are_one_and_the_source_answers_more.py	harmonic oscillator	>300	CLAUSE	REVERSAL
receipts/L165_defining_the_sum/S3_c6_is_a_theorem_not_a_condition.py	FIBRE BY FIBRE	>300	CLAUSE	REVERSAL
receipts/L165_defining_the_sum/S3_c6_is_a_theorem_not_a_condition.py	decomposes as a DIRECT INTEGRAL over its spectrum	166	CLAUSE	REVERSAL
receipts/L165_interacting_tower/D1_the_boundary_is_per_fibre_and_the_UV_is_over_fibres.py	ultraviolet definition of the tower sums	>300	CLAUSE	REVERSAL
receipts/L165_interacting_tower/S6_the_two_halves_restated.py	HALF ONE	>300	CLAUSE	REVERSAL
receipts/L165_interacting_tower/S8_the_floor_follows.py	IT DOES NOT NEED A LOWER BOUND	>300	CLAUSE	REVERSAL-PARTIAL
receipts/L171_two_routes/J1_the_disagreement_no_longer_has_two_sides.py	ROBUST_p1p2_scan	155	CLAUSE	REVERSAL-PARTIAL
receipts/L174_general_matter_dynamics/I1_the_general_case_is_stated_and_exhibited_in_one_class.py	exact for arbitrary	>300	CLAUSE	REVERSAL
receipts/L174_general_matter_dynamics/I1_the_general_case_is_stated_and_exhibited_in_one_class.py	one equation per comoving shell	113	CLAUSE	REVERSAL
receipts/L174_general_matter_dynamics/I5_two_not_five_and_the_constraint_is_in_the_receipt.py	nothing in the identity says which	107	CLAUSE	REVERSAL
receipts/L175_dimensional_descent/E52_the_plane_section_reduction_reproduced.py	the plane-section	>300	CLAUSE	REVERSAL
receipts/L175_dimensional_descent/E52_the_plane_section_reduction_reproduced.py	transitive on unit spacelike normals	122	CLAUSE	REVERSAL
receipts/L203_reach_stations/M2_station_H_is_a_declared_gap_and_C_is_its_prerequisite.py	graded index	157	CLAUSE	REVERSAL
receipts/L203_reach_stations/M3_station_G_supplies_the_sequence_and_the_three_are_one_knot.py	Lie algebroids	149	CLAUSE	REVERSAL
receipts/L203_reach_stations/M3_station_G_supplies_the_sequence_and_the_three_are_one_knot.py	covering map	>300	CLAUSE	REVERSAL
receipts/L204_physics_reach/P10_the_neff_commitment_is_in_the_code_and_in_no_paper.py	(4/11)	>300	CLAUSE	REVERSAL-PARTIAL
receipts/L204_physics_reach/P12_the_adiabatic_premise_is_inherited_not_assumed.py	327	110	CLAUSE	REVERSAL-PARTIAL
receipts/L204_physics_reach/P2_the_corpus_never_mentions_unruh.py	stress tensor	>300	CLAUSE	REVERSAL
receipts/L204_physics_reach/P3_the_higgs_is_declined_in_print_and_never_named.py	one-constant theorem	>300	CLAUSE	REVERSAL
receipts/L204_physics_reach/P6_the_nariai_frame_does_not_exist_and_the_transplanckian_scope.py	L-519	>300	CLAUSE	REVERSAL-PARTIAL
receipts/L211_closure_adjacency/A1_the_venue_question_dissolves_and_curvature_remains.py	it is an ADD	119	CLAUSE	REVERSAL
receipts/L211_closure_adjacency/A2_the_three_owed_derivations_are_one_boundary.py	two invariants	105	CLAUSE	REVERSAL
receipts/L220_arrival_paths/V2_the_arrival_path_admits_no_metric.py	rem:carter-chain	>300	CLAUSE	REVERSAL
receipts/L221_the_bridge/B12_the_two_triples_are_typed_differently.py	-2/\sqrt3	139	CLAUSE	REVERSAL-PARTIAL
receipts/L221_the_bridge/B15_po3_both_clauses_answered.py	odd in the signed offset	138	CLAUSE	REVERSAL
receipts/L221_the_bridge/B15_po3_both_clauses_answered.py	three wall monodromies and the hinge	142	CLAUSE	REVERSAL
receipts/L221_the_bridge/B15_po3_both_clauses_answered.py	three wall monodromies with the hinge	128	CLAUSE	REVERSAL-PARTIAL
receipts/L221_the_bridge/B15_po3_both_clauses_answered.py	wall monodromies with the hinge	128	CLAUSE	REVERSAL-PARTIAL
receipts/L221_the_bridge/B31_the_wall_reason_is_too_narrow.py	F=0	>300	CLAUSE	REVERSAL-PARTIAL
receipts/L221_the_bridge/B37_po4_and_po5_share_a_root.py	order 4	>300	CLAUSE	REVERSAL-PARTIAL
receipts/L221_the_bridge/B48_the_field_is_dirac_so_the_matching_is_determined.py	as against the bound zero-modes	>300	CLAUSE	REVERSAL
receipts/L221_the_bridge/B54_the_retraction_supports_the_verdict.py	propagating Dirac sector	>300	CLAUSE	REVERSAL
receipts/L233_colour_curvature/F1_what_a_curvature_source_would_have_to_be.py	exact for arbitrary	>300	CLAUSE	REVERSAL
receipts/L233_colour_curvature/F1_what_a_curvature_source_would_have_to_be.py	one equation per comoving shell	113	CLAUSE	REVERSAL
receipts/L237_gates_check_declarations/G50_the_receipt_runner_gate_was_green_because_its_cache_had_no_expiry.py	eta fixes the abundances and the CMB peak HEIGHTS, rho_r/rho_m	>300	CLAUSE	REVERSAL
receipts/L247_the_build_already_stands/B1_the_geometry_po14_asks_for_was_built_at_r2419.py	Dirac sector	>300	CLAUSE	REVERSAL
receipts/L254_the_rule_was_spellings/A1_a_rule_made_of_spellings_misses_the_next_spelling.py	acting_check.py	>300	CLAUSE	REVERSAL
receipts/L254_the_rule_was_spellings/A1_a_rule_made_of_spellings_misses_the_next_spelling.py	registration rows	>300	CLAUSE	REVERSAL
receipts/L257_the_label_did_double_duty/V1_a_strike_that_reads_as_done_and_a_paper_that_says_otherwise.py	PO-14	>300	CLAUSE	REVERSAL-PARTIAL
receipts/L259_the_distance_from_the_present/D1_a_check_pinned_to_a_distance_from_the_present_is_pinned_to_the_present.py	DIRECTIONAL and unfitted	>300	CLAUSE	REVERSAL
receipts/L266_station_C_three_readings_of_the_dial/C1_the_degree_six_dial_has_three_readings_and_the_paper_excludes_one.py	DE-MACROED	>300	CLAUSE	REVERSAL
receipts/L268_broken_by_its_own_edit/O1_a_receipt_that_asserts_a_state_its_own_revision_changes_is_false_when_committed.py	held in	>300	CLAUSE	REVERSAL
receipts/L271_the_statistics_bake/S2_the_systematics_budget_is_absent_by_name_and_present_as_a_matched_control.py	never named	139	CLAUSE	REVERSAL-PARTIAL
receipts/L272_the_survey_that_was_a_memory/F1_the_outstanding_bake_list_was_surveyed_once_and_three_passes_were_needed_to_trust_it.py	L-264	>300	CLAUSE	REVERSAL-PARTIAL
receipts/L272_the_survey_that_was_a_memory/F1_the_outstanding_bake_list_was_surveyed_once_and_three_passes_were_needed_to_trust_it.py	SUBSTRING	>300	CLAUSE	REVERSAL
receipts/L277_the_unclaimed_surface/U1_a_survey_that_needs_the_list_cannot_find_what_is_missing_from_the_list.py	category theory	137	CLAUSE	REVERSAL
receipts/L279_the_symmetric_space_probe/S1_so42_is_not_another_real_form_it_is_the_substrates_own_dual.py	L-265	>300	CLAUSE	REVERSAL-PARTIAL
receipts/L281_the_prior_art_hole/P1_a_bake_that_asks_the_papers_and_not_the_receipts_walks_into_a_settled_question.py	blind spot	>300	CLAUSE	REVERSAL
receipts/L281_the_prior_art_hole/P1_a_bake_that_asks_the_papers_and_not_the_receipts_walks_into_a_settled_question.py	regardless of the sign	147	CLAUSE	REVERSAL
receipts/L556_registry_from_rows/R1_the_registry_was_checked_from_citations_inward_so_twenty_rows_were_read_by_nothing.py	CORRECTED c54.222	>300	CLAUSE	REVERSAL-PARTIAL
receipts/L556_registry_from_rows/R1_the_registry_was_checked_from_citations_inward_so_twenty_rows_were_read_by_nothing.py	index_rows	>300	CLAUSE	REVERSAL
receipts/L557_the_correction_stopped_at_the_sentence/R1_the_correction_stopped_at_the_sentence_and_the_number_it_defines_was_left_behind.py	$0.9918$	122	CLAUSE	REVERSAL-PARTIAL
receipts/L557_the_correction_stopped_at_the_sentence/R1_the_correction_stopped_at_the_sentence_and_the_number_it_defines_was_left_behind.py	$1.0231$	110	CLAUSE	REVERSAL-PARTIAL
receipts/L557_the_correction_stopped_at_the_sentence/R1_the_correction_stopped_at_the_sentence_and_the_number_it_defines_was_left_behind.py	7.65	130	CLAUSE	REVERSAL-PARTIAL
receipts/L557_the_correction_stopped_at_the_sentence/R1_the_correction_stopped_at_the_sentence_and_the_number_it_defines_was_left_behind.py	8.24	138	CLAUSE	REVERSAL-PARTIAL
receipts/L557_the_correction_stopped_at_the_sentence/R1_the_correction_stopped_at_the_sentence_and_the_number_it_defines_was_left_behind.py	recorded r2376+c54.160 and NOW RESOLVED	>300	CLAUSE	REVERSAL-PARTIAL
receipts/L558_the_second_duplication/D1_the_same_four_rows_the_second_merge_running_and_this_time_it_unclosed_a_struck_item.py	AMENDED c54.224	>300	CLAUSE	REVERSAL-PARTIAL
receipts/L562_the_pin_test/P1_the_pin_test_run_the_spacing_follows_the_pin_so_the_ratio_does_not.py	only not aliasing if the answer does not depend on it	161	CLAUSE	REVERSAL-PARTIAL
receipts/L802_stability_bracket/S2_the_regime_question_is_settled_by_the_corpus.py	Rodnianski	147	CLAUSE	REVERSAL
receipts/L803_station9_neff/S1_the_cosmology_sector_rests_on_neff_and_never_names_it.py	(4/11)	>300	CLAUSE	REVERSAL-PARTIAL
receipts/L811_po7_inversions_closed/S1_all_three_po7_inversion_routes_are_closed_by_computation.py	L-805	>300	CLAUSE	REVERSAL-PARTIAL
receipts/L_probability/S1_the_corpus_sweep_finds_no_headline_resting_on_an_overclaimed_sigma_and_three_in_one_paper_below_it.py	PROCEDURE	>300	CLAUSE	REVERSAL
receipts/L_probability/S1_the_corpus_sweep_finds_no_headline_resting_on_an_overclaimed_sigma_and_three_in_one_paper_below_it.py	corpus measured	>300	CLAUSE	REVERSAL
receipts/L_probability/S4_the_exact_count_on_a_set_another_seat_can_grow_is_rare_in_this_seats_work_and_the_one_live_instance_was_this_revisions_own_predecessor.py	len(PAPERS) == 18	>300	CLAUSE	REVERSAL-PARTIAL
receipts/P03_SdS_slicing/P03_the_enclosed_mass_is_monotone_so_the_turnaround_ratio_cannot_fall_below_one_and_the_contested_direction_is_two_different_quantities.py	0.737	>300	CLAUSE	REVERSAL-PARTIAL
receipts/P03_SdS_slicing/P03_the_enclosed_mass_is_monotone_so_the_turnaround_ratio_cannot_fall_below_one_and_the_contested_direction_is_two_different_quantities.py	r7222 REPAIR	>300	CLAUSE	REVERSAL-PARTIAL
receipts/P07_CR_framework/P07_the_back_seam_is_the_laps_one_non_degenerate_horizon_and_its_surface_gravity_is_the_beads_own_acceleration_there.py	collapse leg's far-past end	>300	CLAUSE	REVERSAL
receipts/P10_canonical_time/P10_no_rescaling_discharges_the_log_and_the_one_mass_shift_that_does_is_the_curvature_offset.py	degenerate with Einstein	>300	CLAUSE	REVERSAL-PARTIAL
receipts/P10_canonical_time/P10_sec_lock_quotes_the_superseding_receipt_everywhere_the_two_mode_shift_sits_under_the_wrong_pair_and_the_four_receipt_group_is_one_chain.py	120575/6	110	CLAUSE	REVERSAL-PARTIAL
receipts/P10_canonical_time/P10_sec_lock_quotes_the_superseding_receipt_everywhere_the_two_mode_shift_sits_under_the_wrong_pair_and_the_four_receipt_group_is_one_chain.py	19775/6	127	CLAUSE	REVERSAL-PARTIAL
receipts/P15_CR_cosmology/C12_the_odd_even_half_has_its_parameter.py	6.17	145	CLAUSE	REVERSAL-PARTIAL
receipts/P15_CR_cosmology/C12_the_odd_even_half_has_its_parameter.py	C5b	132	CLAUSE	REVERSAL-PARTIAL
receipts/P15_CR_cosmology/C14_po12_gates_po10.py	full-spectrum likelihood	>300	CLAUSE	REVERSAL
receipts/P15_CR_cosmology/C28_length_against_angle.py	theta_D/theta_* is	>300	CLAUSE	REVERSAL
receipts/P15_CR_cosmology/C36_the_negative_is_the_envelope.py	plik_lite TT only	>300	CLAUSE	REVERSAL
receipts/P15_CR_cosmology/C42_the_cancellation_needs_xe_identical.py	ionization	>300	CLAUSE	REVERSAL
receipts/P15_CR_cosmology/C46_the_nine_are_right_and_the_one_is_wrong.py	DERIVED in C9	>300	CLAUSE	REVERSAL-PARTIAL
receipts/P15_CR_cosmology/C48_the_pairs_are_three.py	the quoted value to one per cent, from standard	>300	CLAUSE	REVERSAL
receipts/P15_CR_cosmology/C50_the_control_is_at_seven_not_a_hundred.py	READ THE	>300	CLAUSE	REVERSAL
receipts/P15_CR_cosmology/C52_the_banked_spectra_fail_the_sampling_guard.py	source comb	>300	CLAUSE	REVERSAL
receipts/P15_CR_cosmology/C60_the_hier_composition_defect_names_two_flags_its_own_tree_never_had.py	LEAFPERT	>300	CLAUSE	REVERSAL
receipts/P15_CR_cosmology/C60_the_hier_composition_defect_names_two_flags_its_own_tree_never_had.py	receipts:	275	CLAUSE	REVERSAL
receipts/P15_CR_cosmology/P15_order_one_answered_negative_the_crossing_cannot_share_a_measure_with_the_layers_parity_because_its_kernel_is_a_function_of_the_degree_and_the_parity_is_a_condition_on_the_charge.py	harmonic-basis question	117	CLAUSE	REVERSAL
receipts/P15_CR_cosmology/P15_the_combs_resolution_is_four_multipoles_and_the_skys_own_value_lies_outside_the_family.py	knob shadow	>300	CLAUSE	REVERSAL
receipts/P15_CR_cosmology/P15_the_combs_resolution_is_four_multipoles_and_the_skys_own_value_lies_outside_the_family.py	r4558	209	CLAUSE	REVERSAL-PARTIAL
receipts/P15_CR_cosmology/P15_the_composition_route_is_answered_negative_too_because_the_eigenvalue_divergence_lives_on_the_leg_the_transport_never_traverses_and_the_odd_ladder_arrives_suppressed_rather_than_absent.py	Only the EIGENVALUE moves	>300	CLAUSE	REVERSAL
receipts/P15_CR_cosmology/P15_the_corpus_places_every_perturbation_source_before_the_branch_point_and_everything_after_it_is_transfer_so_nothing_already_built_supplies_anisotropic_content_on_the_expansion_leg.py	ordinary content physics on the observable leg	236	CLAUSE	REVERSAL
receipts/P15_CR_cosmology/P15_the_held_period_estimator_reaches_below_the_floor_and_the_tooth_that_would_decide_cannot_be_applied.py	committed at `r6993`	246	CLAUSE	REVERSAL-PARTIAL
receipts/P15_CR_cosmology/P15_the_held_period_estimator_reaches_below_the_floor_and_the_tooth_that_would_decide_cannot_be_applied.py	r6993	261	CLAUSE	REVERSAL-PARTIAL
receipts/P15_CR_cosmology/P15_the_history_is_spherically_symmetric_throughout_so_the_chern_simons_number_never_moves.py	tensor tower starts at $L=2$	116	CLAUSE	REVERSAL-PARTIAL
receipts/P15_CR_cosmology/P15_the_history_is_spherically_symmetric_throughout_so_the_chern_simons_number_never_moves.py	torus block	>300	CLAUSE	REVERSAL
receipts/P15_CR_cosmology/P15_the_joint_fit_leaves_the_gaussian_and_the_bound_was_chi2_not_sigma.py	asserted at the weaker bound	>300	CLAUSE	REVERSAL
receipts/P15_CR_cosmology/P15_the_ladders_discreteness_does_not_set_the_spectrum_and_the_check_was_run_in_pieces.py	KSLICE	157	CLAUSE	REVERSAL
receipts/P15_CR_cosmology/P15_the_one_ground_admits_exactly_one_independent_second_support_and_it_is_disqualified_because_the_rays_that_carry_the_flat_length_carry_a_blueshift.py	INDEPENDENCE.	133	CLAUSE	REVERSAL
receipts/P15_CR_cosmology/P15_the_projection_join_inverts_the_expected_picture_because_the_odd_degree_lands_lower_than_the_even_floor_and_arrives_less_suppressed_so_the_lowest_multipoles_draw_on_the_degree_the_bound_would_have_removed.py	inherits rather than derives	220	CLAUSE	REVERSAL
receipts/P15_CR_cosmology/P15_the_resolution_table_eight_of_the_eleven_instruments_cannot_represent_the_comb_period_and_four_smallest_shares_are_honest_blanks.py	the contrast statistic	>300	CLAUSE	REVERSAL
receipts/P15_CR_cosmology/P15_the_resolution_table_eight_of_the_eleven_instruments_cannot_represent_the_comb_period_and_four_smallest_shares_are_honest_blanks.py	the differential estimator	>300	CLAUSE	REVERSAL
receipts/P15_CR_cosmology/P15_the_resolution_table_eight_of_the_eleven_instruments_cannot_represent_the_comb_period_and_four_smallest_shares_are_honest_blanks.py	the extremal envelope	>300	CLAUSE	REVERSAL
receipts/P15_CR_cosmology/P15_the_resolution_table_eight_of_the_eleven_instruments_cannot_represent_the_comb_period_and_four_smallest_shares_are_honest_blanks.py	the held-period amplitude	>300	CLAUSE	REVERSAL
receipts/P15_CR_cosmology/P15_the_step_survives_a_differential_estimator_and_no_single_bilinear_term_carries_the_shared_step_though_the_doppler_leads_it.py	ill-conditioned	>300	CLAUSE	REVERSAL
receipts/P15_CR_cosmology/P15_the_two_projection_widths_differ_by_the_jacobian_alone_and_the_channel_that_opens_is_a_quarter_of_the_excess.py	THE NULL	231	CLAUSE	REVERSAL
receipts/P15_CR_cosmology/P15_the_two_projection_widths_differ_by_the_jacobian_alone_and_the_channel_that_opens_is_a_quarter_of_the_excess.py	does nothing	112	CLAUSE	REVERSAL
receipts/L165_defining_the_sum/S2_c1_and_c2_are_one_and_the_source_answers_more.py	whether it is bounded below	46	EXTEND-LONG	REVERSAL-PARTIAL
receipts/L165_defining_the_sum/S3_c6_is_a_theorem_not_a_condition.py	at leading order	94	EXTEND-LONG	REVERSAL
receipts/L165_defining_the_sum/S3_c6_is_a_theorem_not_a_condition.py	irrelevant to whether each of its fibres receives a condition	66	EXTEND-LONG	REVERSAL
receipts/L165_defining_the_sum/S3_c6_is_a_theorem_not_a_condition.py	since it commutes with the radial part	87	EXTEND-LONG	REVERSAL-PARTIAL
receipts/L165_defining_the_sum/S4_the_open_half_is_the_floor.py	whether it is bounded below	46	EXTEND-LONG	REVERSAL-PARTIAL
receipts/L165_interacting_tower/D1_the_boundary_is_per_fibre_and_the_UV_is_over_fibres.py	closed-form nonlinear	83	EXTEND-LONG	REVERSAL-PARTIAL
receipts/L165_interacting_tower/D1_the_boundary_is_per_fibre_and_the_UV_is_over_fibres.py	the first of the leading-order	85	EXTEND-LONG	REVERSAL
receipts/L165_interacting_tower/S6_the_two_halves_restated.py	irrelevant to whether each of its fibres receives a condition	66	EXTEND-LONG	REVERSAL
receipts/L165_interacting_tower/S6_the_two_halves_restated.py	two halves are two halves rather than one entangled question	90	EXTEND-LONG	REVERSAL
receipts/L165_interacting_tower/S7_the_successor_was_misaimed.py	cosh(T/\alpha)	80	EXTEND-LONG	REVERSAL
receipts/L165_interacting_tower/S7_the_successor_was_misaimed.py	fixed classical	74	EXTEND-LONG	REVERSAL
receipts/L165_interacting_tower/S7_the_successor_was_misaimed.py	survive on a background whose curvature runs	51	EXTEND-LONG	REVERSAL
receipts/L174_general_matter_dynamics/I1_the_general_case_is_stated_and_exhibited_in_one_class.py	SOURCE COMMENT	42	EXTEND-LONG	REVERSAL
receipts/L174_general_matter_dynamics/I1_the_general_case_is_stated_and_exhibited_in_one_class.py	corrected at c54.179	36	EXTEND-LONG	REVERSAL-PARTIAL
receipts/L174_general_matter_dynamics/I4_the_shear_selection_exists_and_is_vacuum_bound.py	nothing in the identity says which of them a bend can be	49	EXTEND-LONG	REVERSAL-PARTIAL
receipts/L174_general_matter_dynamics/I5_two_not_five_and_the_constraint_is_in_the_receipt.py	K^2 - K_ij K^ij	99	EXTEND-LONG	REVERSAL-PARTIAL
receipts/L174_general_matter_dynamics/I5_two_not_five_and_the_constraint_is_in_the_receipt.py	five-dimensional space of configurations at fixed rho and theta	35	EXTEND-LONG	REVERSAL
receipts/L175_dimensional_descent/E51_the_scale_map_rank_reproduced.py	the plane-section	60	EXTEND-LONG	REVERSAL
receipts/L175_dimensional_descent/N2_four_is_the_largest_dimension_that_forces_the_dynamics.py	bounded below only	51	EXTEND-LONG	REVERSAL-PARTIAL
receipts/L202_phase_at_the_seam/Z1_the_phase_is_the_antilinear_face_and_it_is_trivial_on_reality.py	not claimed both ways	41	EXTEND-LONG	REVERSAL-PARTIAL
receipts/L203_reach_stations/M3_station_G_supplies_the_sequence_and_the_three_are_one_knot.py	order-six-adjacent objects	26	EXTEND-LONG	REVERSAL
receipts/L203_reach_stations/M3_station_G_supplies_the_sequence_and_the_three_are_one_knot.py	prerequisite	51	EXTEND-LONG	REVERSAL
receipts/L204_physics_reach/P10_the_neff_commitment_is_in_the_code_and_in_no_paper.py	3 nu	66	EXTEND-LONG	REVERSAL-PARTIAL
receipts/L204_physics_reach/P5_the_two_absences_verified_independently.py	L-519	96	EXTEND-LONG	REVERSAL-PARTIAL
receipts/L204_physics_reach/P7_the_temperature_is_taken_and_the_entropy_never_is.py	one dimensionful constant	57	EXTEND-LONG	REVERSAL
receipts/L204_physics_reach/P9_the_resolution_is_the_baby_universe_one_and_it_is_never_named.py	information paradox	57	EXTEND-LONG	REVERSAL
receipts/L211_closure_adjacency/A2_the_three_owed_derivations_are_one_boundary.py	dimensionless magnitude	75	EXTEND-LONG	REVERSAL
receipts/L211_closure_adjacency/A5_the_free_function_and_the_inherited_datum_are_one_freedom.py	10^{-6}	89	EXTEND-LONG	REVERSAL-PARTIAL
receipts/L211_closure_adjacency/A5_the_free_function_and_the_inherited_datum_are_one_freedom.py	where matter domination ends	58	EXTEND-LONG	REVERSAL
receipts/L218_reader_package/C2_the_rule_is_enforceable_and_enforceable_means_severe.py	DO-NOT-ASSERT	41	EXTEND-LONG	REVERSAL-PARTIAL
receipts/L218_reader_package/R2_the_contribution_is_unlinked_not_undefined.py	the contribution	79	EXTEND-LONG	REVERSAL
receipts/L221_the_bridge/B11_three_triples_two_identifications.py	same $A_2$	35	EXTEND-LONG	REVERSAL-PARTIAL
receipts/L221_the_bridge/B25_the_scattering_object_exists.py	superpotential W=lambda sqrt(f)/r	71	EXTEND-LONG	REVERSAL
receipts/L221_the_bridge/B28_a_cardinality_gap.py	not the kind of thing a holonomy supplies	50	EXTEND-LONG	REVERSAL-PARTIAL
receipts/L221_the_bridge/B38_the_ledger_is_discrete.py	rapidity	53	EXTEND-LONG	REVERSAL
receipts/L221_the_bridge/B45_the_object_exists_and_the_action_is_absent.py	measurement discrepancy, not a framework verdict	81	EXTEND-LONG	REVERSAL-PARTIAL
receipts/L221_the_bridge/B60_one_operator_the_fork_does_not_exist.py	W=lambda sqrt(f)/r	86	EXTEND-LONG	REVERSAL
receipts/L221_the_bridge/B67_verdict_the_analytic_sqrt_f_operator.py	sqrt(f) is a	47	EXTEND-LONG	REVERSAL
receipts/L221_the_bridge/B7_two_unbuilt_sectors_not_one.py	328d33776e	78	EXTEND-LONG	REVERSAL-PARTIAL
receipts/L221_the_bridge/B9_po3_why_is_answered_dimensionally.py	parity doubling	81	EXTEND-LONG	REVERSAL
receipts/L221_the_bridge/B9_po3_why_is_answered_dimensionally.py	the $A_2$ skeleton and the parity doubling	36	EXTEND-LONG	REVERSAL-PARTIAL
receipts/L221_the_bridge/B9_po3_why_is_answered_dimensionally.py	zero-sum triple	49	EXTEND-LONG	REVERSAL
receipts/L233_colour_curvature/F1_what_a_curvature_source_would_have_to_be.py	covering map carries a canonical flat connection	39	EXTEND-LONG	REVERSAL
receipts/L237_gates_check_declarations/G1_every_gate_checks_a_declaration.py	scanner	49	EXTEND-LONG	REVERSAL
receipts/L246_the_achirality_is_the_obstruction/W1_the_two_plus_one_plus_one_is_excluded_by_a_symmetry_the_chiral_member_does_not_have.py	MULTIPLET STRUCTURE (Q,u^c,d^c,L,e^c)	30	EXTEND-LONG	REVERSAL
receipts/L247_the_build_already_stands/B1_the_geometry_po14_asks_for_was_built_at_r2419.py	not solved here	44	EXTEND-LONG	REVERSAL-PARTIAL
receipts/L253_the_seed_that_stopped_seeding/S1_a_seed_that_stops_constructing_its_defect_accuses_the_gate_it_defends.py	CORRECTED r3125	59	EXTEND-LONG	REVERSAL-PARTIAL
receipts/L255_the_exemption_was_a_claim/E1_an_exemption_is_a_claim_and_all_three_were_false.py	TimeoutExpired	48	EXTEND-LONG	REVERSAL
receipts/L264_station_H_the_index_is_canonical/K1_the_traced_index_is_computable_and_the_computation_is_a_limit_point_test.py	convergence is evidence the object is real	51	EXTEND-LONG	REVERSAL
receipts/L269_the_second_theatre/T1_the_whole_physics_theatre_declared_its_walk_complete_and_the_list_carried_all_seven.py	every station	82	EXTEND-LONG	REVERSAL-PARTIAL
receipts/L277_the_unclaimed_surface/U1_a_survey_that_needs_the_list_cannot_find_what_is_missing_from_the_list.py	FS.FIELDS	30	EXTEND-LONG	REVERSAL
receipts/L281_the_prior_art_hole/P1_a_bake_that_asks_the_papers_and_not_the_receipts_walks_into_a_settled_question.py	Four reductions returned four wrong answers	28	EXTEND-LONG	REVERSAL
receipts/L281_the_prior_art_hole/P1_a_bake_that_asks_the_papers_and_not_the_receipts_walks_into_a_settled_question.py	OVERALL FACTOR	76	EXTEND-LONG	REVERSAL
receipts/L548_propagating_sector/C1_the_tortoise_divergence_is_the_normalisation_of_the_object_not_the_obstruction_to_it.py	a scattering state with a continuum normalisation	86	EXTEND-LONG	REVERSAL-PARTIAL
receipts/L548_propagating_sector/C1_the_tortoise_divergence_is_the_normalisation_of_the_object_not_the_obstruction_to_it.py	bound tower cannot become by relabelling	49	EXTEND-LONG	REVERSAL-PARTIAL
receipts/L550_third_mechanism/M1_the_third_mechanism_is_bounded_and_the_bound_is_two_sentences_earlier.py	no third mechanism has been named	41	EXTEND-LONG	REVERSAL-PARTIAL
receipts/L557_the_correction_stopped_at_the_sentence/R1_the_correction_stopped_at_the_sentence_and_the_number_it_defines_was_left_behind.py	CONTESTED	60	EXTEND-LONG	REVERSAL
receipts/L559_the_registry_from_files_inward/O1_the_registry_was_turned_outward_and_the_arrow_still_pointed_one_way.py	NOT-A-RECEIPT:	27	EXTEND-LONG	REVERSAL-PARTIAL
receipts/L560_pins_into_moving_prose/P1_the_last_five_failures_were_pins_into_prose_that_later_correct_work_moved.py	CORRECTED c54.228	35	EXTEND-LONG	REVERSAL-PARTIAL
receipts/L561_the_probe_was_the_defect/C1_item_45_answered_against_myself_the_rehoming_lost_nothing.py	CORRECTED c54.228	35	EXTEND-LONG	REVERSAL-PARTIAL
receipts/L802_stability_bracket/S2_the_regime_question_is_settled_by_the_corpus.py	no-hair	92	EXTEND-LONG	REVERSAL-PARTIAL
receipts/L803_station9_neff/S1_the_cosmology_sector_rests_on_neff_and_never_names_it.py	3 nu	66	EXTEND-LONG	REVERSAL-PARTIAL
receipts/L818_po6_running_layer/S1_the_one_constant_ledger_survives_on_the_running_layer_not_only_fixed_de_sitter.py	counterterm basis survive	28	EXTEND-LONG	REVERSAL
receipts/L818_po6_running_layer/S1_the_one_constant_ledger_survives_on_the_running_layer_not_only_fixed_de_sitter.py	curvature runs	76	EXTEND-LONG	REVERSAL
receipts/L_probability/C1_the_citation_sweep_finds_no_headline_mis_cited_and_thirteen_below_it_that_cite_the_wrong_receipt_or_none.py	0.14%	73	EXTEND-LONG	REVERSAL-PARTIAL
receipts/L_probability/S1_the_corpus_sweep_finds_no_headline_resting_on_an_overclaimed_sigma_and_three_in_one_paper_below_it.py	Cooke	55	EXTEND-LONG	REVERSAL
receipts/L_probability/S1_the_corpus_sweep_finds_no_headline_resting_on_an_overclaimed_sigma_and_three_in_one_paper_below_it.py	NOT a re-opening of the phase intercept	51	EXTEND-LONG	REVERSAL-PARTIAL
receipts/L_probability/S1_the_corpus_sweep_finds_no_headline_resting_on_an_overclaimed_sigma_and_three_in_one_paper_below_it.py	seven parabola windows	39	EXTEND-LONG	REVERSAL
receipts/L_probability/S4_the_exact_count_on_a_set_another_seat_can_grow_is_rare_in_this_seats_work_and_the_one_live_instance_was_this_revisions_own_predecessor.py	len(UNADJ) == 2170	48	EXTEND-LONG	REVERSAL-PARTIAL
receipts/P03_SdS_slicing/P03_the_enclosed_mass_is_monotone_so_the_turnaround_ratio_cannot_fall_below_one_and_the_contested_direction_is_two_different_quantities.py	set its own seat can grow	29	EXTEND-LONG	REVERSAL
receipts/P07_CR_framework/I7_conserved_charge_carries_three_objects_and_one_denies_the_others.py	conserved charge	92	EXTEND-LONG	REVERSAL-PARTIAL
receipts/P10_canonical_time/P10_sec_lock_quotes_the_superseding_receipt_everywhere_the_two_mode_shift_sits_under_the_wrong_pair_and_the_four_receipt_group_is_one_chain.py	175/22	86	EXTEND-LONG	REVERSAL-PARTIAL
receipts/P10_canonical_time/P10_sec_lock_quotes_the_superseding_receipt_everywhere_the_two_mode_shift_sits_under_the_wrong_pair_and_the_four_receipt_group_is_one_chain.py	USED exactly as filed	37	EXTEND-LONG	REVERSAL-PARTIAL
receipts/P10_canonical_time/P10_sec_lock_quotes_the_superseding_receipt_everywhere_the_two_mode_shift_sits_under_the_wrong_pair_and_the_four_receipt_group_is_one_chain.py	not recomputed here	46	EXTEND-LONG	REVERSAL-PARTIAL
receipts/P12_algebroid/A2_item9_is_already_in_force.py	r2442	52	EXTEND-LONG	REVERSAL-PARTIAL
receipts/P12_algebroid/A3_the_convergence_audit.py	no third mechanism has been named	77	EXTEND-LONG	REVERSAL-PARTIAL
receipts/P12_algebroid/A5_the_dark_halves_audited.py	satisfiab	72	EXTEND-LONG	REVERSAL
receipts/P12_algebroid/A7_the_frontier_has_two_kinds.py	not the kind of thing a holonomy supplies	47	EXTEND-LONG	REVERSAL-PARTIAL
receipts/P14_matter_sector_paper/D2_index_carries_three_senses_inside_one_paper.py	analytical index	97	EXTEND-LONG	REVERSAL
receipts/P14_matter_sector_paper/P14_the_constituent_count_is_conserved_on_every_static_member_and_the_twist_alone_violates_it.py	nothing for a curvature to be the curvature of	29	EXTEND-LONG	REVERSAL
receipts/P15_CR_cosmology/C12_the_odd_even_half_has_its_parameter.py	ordinary content physics on the observable leg	73	EXTEND-LONG	REVERSAL
receipts/P15_CR_cosmology/C46_the_nine_are_right_and_the_one_is_wrong.py	theta_D/theta_* ratio	54	EXTEND-LONG	REVERSAL
receipts/P15_CR_cosmology/C48_the_pairs_are_three.py	decides the comparison's size, and it is decided by reading rather than by	28	EXTEND-LONG	REVERSAL
receipts/P15_CR_cosmology/C48_the_pairs_are_three.py	ratio at onset IS the	48	EXTEND-LONG	REVERSAL-PARTIAL
receipts/P15_CR_cosmology/C49_the_row_has_a_likelihood_not_a_lookup.py	206.4 over	64	EXTEND-LONG	REVERSAL-PARTIAL
receipts/P15_CR_cosmology/C49_the_row_has_a_likelihood_not_a_lookup.py	chi^2/dof ~ 100	33	EXTEND-LONG	REVERSAL-PARTIAL
receipts/P15_CR_cosmology/C49_the_row_has_a_likelihood_not_a_lookup.py	measurement discrepancy, not a framework verdict	81	EXTEND-LONG	REVERSAL-PARTIAL
receipts/P15_CR_cosmology/C50_the_control_is_at_seven_not_a_hundred.py	c54.172	49	EXTEND-LONG	REVERSAL-PARTIAL
receipts/P15_CR_cosmology/C50_the_control_is_at_seven_not_a_hundred.py	outside the regime in	54	EXTEND-LONG	REVERSAL-PARTIAL
receipts/P15_CR_cosmology/C50_the_control_is_at_seven_not_a_hundred.py	plik_lite discriminates	69	EXTEND-LONG	REVERSAL
receipts/P15_CR_cosmology/C54_the_281_is_the_prediction_being_measured.py	measurement discrepancy, not a framework verdict	81	EXTEND-LONG	REVERSAL-PARTIAL
receipts/P15_CR_cosmology/P15_order_one_answered_negative_the_crossing_cannot_share_a_measure_with_the_layers_parity_because_its_kernel_is_a_function_of_the_degree_and_the_parity_is_a_condition_on_the_charge.py	the species criterion is vacuous at the crossing	67	EXTEND-LONG	REVERSAL
receipts/P15_CR_cosmology/P15_order_one_answered_negative_the_crossing_cannot_share_a_measure_with_the_layers_parity_because_its_kernel_is_a_function_of_the_degree_and_the_parity_is_a_condition_on_the_charge.py	with no spacelike slice entering the map	54	EXTEND-LONG	REVERSAL-PARTIAL
receipts/P15_CR_cosmology/P15_the_coupling_is_measured_and_negative_and_the_contribution_is_undetermined_because_its_input_is.py	DISAGREE IN SIGN	78	EXTEND-LONG	REVERSAL
receipts/P15_CR_cosmology/P15_the_joint_fit_leaves_the_gaussian_and_the_bound_was_chi2_not_sigma.py	0.26 sigma per bin	71	EXTEND-LONG	REVERSAL-PARTIAL
receipts/P15_CR_cosmology/P15_the_likelihood_sees_the_step_and_separates_the_two_channels_so_the_demonstration_does_not_cover_it.py	noiseless	60	EXTEND-LONG	REVERSAL
receipts/P15_CR_cosmology/P15_the_model_difference_is_an_acoustic_contrast_difference_and_it_is_not_one_skys_luck.py	_SWSRC * (Th0 + Ps)	85	EXTEND-LONG	REVERSAL-PARTIAL
receipts/P15_CR_cosmology/P15_the_one_fitted_number_moves_the_scale_and_not_the_peak.py	an artefact of where the pin was put?	96	EXTEND-LONG	REVERSAL
receipts/P15_CR_cosmology/P15_the_projection_join_inverts_the_expected_picture_because_the_odd_degree_lands_lower_than_the_even_floor_and_arrives_less_suppressed_so_the_lowest_multipoles_draw_on_the_degree_the_bound_would_have_removed.py	IS THEREFORE NOT AN ENVELOPE EXPONENTIAL IN	30	EXTEND-LONG	REVERSAL-PARTIAL
receipts/P15_CR_cosmology/P15_the_projection_join_inverts_the_expected_picture_because_the_odd_degree_lands_lower_than_the_even_floor_and_arrives_less_suppressed_so_the_lowest_multipoles_draw_on_the_degree_the_bound_would_have_removed.py	is dominated by the LOWEST contributing degree	32	EXTEND-LONG	REVERSAL-PARTIAL
receipts/P15_CR_cosmology/P15_the_projection_joins_two_load_bearing_multipoles_are_the_only_two_in_the_tower_with_no_stretch_threshold_so_the_pending_decision_cannot_move_the_result.py	two of the higher modal values are NOT stable	96	EXTEND-LONG	REVERSAL-PARTIAL
receipts/P15_CR_cosmology/P15_the_rate_rule_reaches_the_projection_only_through_the_identification_because_P7_gives_the_lapse_the_rate_and_the_shift_the_appearance_as_distance.py	Every other property of the photons we observe	42	EXTEND-LONG	REVERSAL-PARTIAL
receipts/P15_CR_cosmology/P15_the_resolution_table_eight_of_the_eleven_instruments_cannot_represent_the_comb_period_and_four_smallest_shares_are_honest_blanks.py	the anchored peak/trough locator	61	EXTEND-LONG	REVERSAL
receipts/P15_CR_cosmology/P15_the_step_survives_a_differential_estimator_and_no_single_bilinear_term_carries_the_shared_step_though_the_doppler_leads_it.py	inside band 1	37	EXTEND-LONG	REVERSAL-PARTIAL
receipts/P15_CR_cosmology/P15_the_surviving_step_is_amplitude_and_not_phase_and_the_candidate_shares_do_not_survive_the_change_of_denominator.py	THE OUTCOMES	63	EXTEND-LONG	REVERSAL
receipts/P15_CR_cosmology/P15_the_term_mix_does_not_carry_the_modulation_and_it_survives_in_the_part_no_channel_explains.py	is not an independent measurement	46	EXTEND-LONG	REVERSAL-PARTIAL
receipts/P15_CR_cosmology/P15_the_three_instruments_with_no_noise_model_one_can_be_given_a_floor_and_ten_passages_quote_a_significance_or_share_the_instrument_cannot_bear.py	+0.0016	34	EXTEND-LONG	REVERSAL-PARTIAL
receipts/P15_CR_cosmology/P15_the_window_free_reading_cannot_resolve_the_first_cycle_the_flatness_was_a_trend_and_nine_tenths_of_the_step_is_common_to_both_arms.py	consistent with zero	66	EXTEND-LONG	REVERSAL-PARTIAL
receipts/L165_defining_the_sum/S3_c6_is_a_theorem_not_a_condition.py	IT MUST RESPECT THE PER-FIBRE CLOSURE	4	EXTEND-SHORT	REVERSAL-PARTIAL
receipts/L165_interacting_tower/D1_the_boundary_is_per_fibre_and_the_UV_is_over_fibres.py	TRUNCATION ARTEFACT	15	EXTEND-SHORT	REVERSAL
receipts/L165_interacting_tower/D1_the_boundary_is_per_fibre_and_the_UV_is_over_fibres.py	the second of the complete one	11	EXTEND-SHORT	REVERSAL
receipts/L165_interacting_tower/S6_the_two_halves_restated.py	HALF ②	5	EXTEND-SHORT	REVERSAL
receipts/L165_interacting_tower/S7_the_successor_was_misaimed.py	12/\alpha^2	8	EXTEND-SHORT	REVERSAL-PARTIAL
receipts/L165_interacting_tower/S8_the_floor_follows.py	correct of DIFFERENT operators	17	EXTEND-SHORT	REVERSAL-PARTIAL
receipts/L171_two_routes/J1_the_disagreement_no_longer_has_two_sides.py	never carried across	9	EXTEND-SHORT	REVERSAL-PARTIAL
receipts/L174_general_matter_dynamics/I1_the_general_case_is_stated_and_exhibited_in_one_class.py	ONE equation per comoving shell	21	EXTEND-SHORT	REVERSAL
receipts/L174_general_matter_dynamics/I2_the_stratification_three_of_four_are_worked.py	ONE equation per comoving shell	21	EXTEND-SHORT	REVERSAL
receipts/L174_general_matter_dynamics/I2_the_stratification_three_of_four_are_worked.py	one equation per comoving shell	7	EXTEND-SHORT	REVERSAL
receipts/L174_general_matter_dynamics/I5_two_not_five_and_the_constraint_is_in_the_receipt.py	D_j sigma^ij	13	EXTEND-SHORT	REVERSAL
receipts/L175_dimensional_descent/E51_the_scale_map_rank_reproduced.py	reproduced NOWHERE ELSE	13	EXTEND-SHORT	REVERSAL
receipts/L175_dimensional_descent/N2_four_is_the_largest_dimension_that_forces_the_dynamics.py	c54.6 error	14	EXTEND-SHORT	REVERSAL-PARTIAL
receipts/L175_dimensional_descent/N3_the_criterion_is_the_programmes_own_and_it_is_stated.py	bounded below only	2	EXTEND-SHORT	REVERSAL-PARTIAL
receipts/L175_dimensional_descent/N3_the_criterion_is_the_programmes_own_and_it_is_stated.py	desideratum	4	EXTEND-SHORT	REVERSAL
receipts/L202_phase_at_the_seam/Z1_the_phase_is_the_antilinear_face_and_it_is_trivial_on_reality.py	not claimed BOTH WAYS	7	EXTEND-SHORT	REVERSAL-PARTIAL
receipts/L202_phase_at_the_seam/Z2_the_off_real_contour_carries_the_wings.py	not claimed BOTH WAYS	7	EXTEND-SHORT	REVERSAL-PARTIAL
receipts/L202_phase_at_the_seam/Z2_the_off_real_contour_carries_the_wings.py	off-real	6	EXTEND-SHORT	REVERSAL
receipts/L203_reach_stations/M3_station_G_supplies_the_sequence_and_the_three_are_one_knot.py	PREREQUISITE	23	EXTEND-SHORT	REVERSAL
receipts/L204_physics_reach/P12_the_adiabatic_premise_is_inherited_not_assumed.py	wrong place	12	EXTEND-SHORT	REVERSAL
receipts/L204_physics_reach/P3_the_higgs_is_declined_in_print_and_never_named.py	SELECTION-RULE	20	EXTEND-SHORT	REVERSAL
receipts/L211_closure_adjacency/A1_the_venue_question_dissolves_and_curvature_remains.py	CLOSURE-ADJACENCY	7	EXTEND-SHORT	REVERSAL
receipts/L211_closure_adjacency/A1_the_venue_question_dissolves_and_curvature_remains.py	closure-adjacency	7	EXTEND-SHORT	REVERSAL
receipts/L221_quark_lepton/C1_the_rows_premises_are_stale_and_the_split_is_specified.py	made in the register with a kill receipt	17	EXTEND-SHORT	REVERSAL-PARTIAL
receipts/L221_the_bridge/B10_po2_resemblance_is_now_a_construction.py	resemblance to baryon combinatoric	6	EXTEND-SHORT	REVERSAL
receipts/L221_the_bridge/B21_the_three_levels_audited.py	(1) skeleton grounded	19	EXTEND-SHORT	REVERSAL-PARTIAL
receipts/L221_the_bridge/B21_the_three_levels_audited.py	(3) identification walled	21	EXTEND-SHORT	REVERSAL-PARTIAL
receipts/L221_the_bridge/B21_the_three_levels_audited.py	identification walled	25	EXTEND-SHORT	REVERSAL
receipts/L221_the_bridge/B21_the_three_levels_audited.py	resemblance not claimed	3	EXTEND-SHORT	REVERSAL-PARTIAL
receipts/L221_the_bridge/B21_the_three_levels_audited.py	skeleton grounded	19	EXTEND-SHORT	REVERSAL
receipts/L221_the_bridge/B25_the_scattering_object_exists.py	W=0 at every horizon	15	EXTEND-SHORT	REVERSAL-PARTIAL
receipts/L221_the_bridge/B31_the_wall_reason_is_too_narrow.py	SL(2	16	EXTEND-SHORT	REVERSAL-PARTIAL
receipts/L221_the_bridge/B37_po4_and_po5_share_a_root.py	ORDER 4	2	EXTEND-SHORT	REVERSAL-PARTIAL
receipts/L221_the_bridge/B38_the_ledger_is_discrete.py	SL(2	16	EXTEND-SHORT	REVERSAL-PARTIAL
receipts/L221_the_bridge/B49_the_taxonomy_was_the_stale_gate.py	nothing left to guard	2	EXTEND-SHORT	REVERSAL
receipts/L221_the_bridge/B49_the_taxonomy_was_the_stale_gate.py	whether a coupling can arise at all	17	EXTEND-SHORT	REVERSAL-PARTIAL
receipts/L221_the_bridge/B60_one_operator_the_fork_does_not_exist.py	ODD in signed r	23	EXTEND-SHORT	REVERSAL
receipts/L221_the_bridge/B60_one_operator_the_fork_does_not_exist.py	W=0 at every horizon	15	EXTEND-SHORT	REVERSAL-PARTIAL
receipts/L233_colour_curvature/F1_what_a_curvature_source_would_have_to_be.py	ONE equation per comoving shell	21	EXTEND-SHORT	REVERSAL
receipts/L233_colour_curvature/F2_the_flatness_is_what_a_branching_IS.py	homogeneity of the leaf	20	EXTEND-SHORT	REVERSAL
receipts/L246_the_achirality_is_the_obstruction/W1_the_two_plus_one_plus_one_is_excluded_by_a_symmetry_the_chiral_member_does_not_have.py	Q is an isodoublet	8	EXTEND-SHORT	REVERSAL-PARTIAL
receipts/L247_the_build_already_stands/B1_the_geometry_po14_asks_for_was_built_at_r2419.py	PO-21	15	EXTEND-SHORT	REVERSAL-PARTIAL
receipts/L247_the_build_already_stands/B1_the_geometry_po14_asks_for_was_built_at_r2419.py	homogeneous reduction	20	EXTEND-SHORT	REVERSAL
receipts/L255_the_exemption_was_a_claim/E1_an_exemption_is_a_claim_and_all_three_were_false.py	THE `RERUNNABLE: NO — POINT-IN-TIME` MARK WAS REMOVED HERE	9	EXTEND-SHORT	REVERSAL-PARTIAL
receipts/L269_the_second_theatre/T1_the_whole_physics_theatre_declared_its_walk_complete_and_the_list_carried_all_seven.py	carried Ⓕ as owed for forty-eight revisions	2	EXTEND-SHORT	REVERSAL
receipts/L281_the_prior_art_hole/P1_a_bake_that_asks_the_papers_and_not_the_receipts_walks_into_a_settled_question.py	NORM measure put where	21	EXTEND-SHORT	REVERSAL
receipts/L805_freezing_reproduced/S1_every_mode_of_interest_freezes_and_the_inversion_is_closed.py	unclosed inversion	21	EXTEND-SHORT	REVERSAL
receipts/P10_canonical_time/P10_sec_lock_quotes_the_superseding_receipt_everywhere_the_two_mode_shift_sits_under_the_wrong_pair_and_the_four_receipt_group_is_one_chain.py	only the threshold	11	EXTEND-SHORT	REVERSAL
receipts/P10_canonical_time/P10_the_regulator_passage_keeps_its_line_but_the_minus_four_thirds_closes_under_a_group_that_does_not_compute_it.py	which geometric invariant carries the third is left open rather than guessed	25	EXTEND-SHORT	REVERSAL-PARTIAL
receipts/P15_CR_cosmology/C12_the_odd_even_half_has_its_parameter.py	imprinted by the baryon loading on the expansion leg	5	EXTEND-SHORT	REVERSAL
receipts/P15_CR_cosmology/C12_the_odd_even_half_has_its_parameter.py	the odd/even height pattern	12	EXTEND-SHORT	REVERSAL
receipts/P15_CR_cosmology/C31_half_one_owes_a_rule.py	discharging `L-147`	13	EXTEND-SHORT	REVERSAL-PARTIAL
receipts/P15_CR_cosmology/C31_half_one_owes_a_rule.py	the CAMB flat-LambdaCDM best fit reproduces	18	EXTEND-SHORT	REVERSAL
receipts/P15_CR_cosmology/C35_the_reference_is_F3.py	chi^2(this instrument's LambdaCDM arm) - chi^2(CAMB)	4	EXTEND-SHORT	REVERSAL-PARTIAL
receipts/P15_CR_cosmology/C35_the_reference_is_F3.py	the CAMB flat-LambdaCDM best fit reproduces	18	EXTEND-SHORT	REVERSAL
receipts/P15_CR_cosmology/C41_a_tilde_is_stale_when_nothing_competes.py	This derivation gives	5	EXTEND-SHORT	REVERSAL
receipts/P15_CR_cosmology/C41_a_tilde_is_stale_when_nothing_competes.py	damping_ratio_clean.py reports	9	EXTEND-SHORT	REVERSAL
receipts/P15_CR_cosmology/C49_the_row_has_a_likelihood_not_a_lookup.py	IS DEFECTIVE AND THE DEFECT IS RECORDED	2	EXTEND-SHORT	REVERSAL-PARTIAL
receipts/P15_CR_cosmology/C49_the_row_has_a_likelihood_not_a_lookup.py	WHEN THIS NOTE WAS WRITTEN	21	EXTEND-SHORT	REVERSAL
receipts/P15_CR_cosmology/C49_the_row_has_a_likelihood_not_a_lookup.py	as of r2760	18	EXTEND-SHORT	REVERSAL-PARTIAL
receipts/P15_CR_cosmology/C50_the_control_is_at_seven_not_a_hundred.py	WHEN THIS NOTE WAS WRITTEN	21	EXTEND-SHORT	REVERSAL
receipts/P15_CR_cosmology/P15_all_three_projections_clear_the_instrument_noise_null_so_the_term_mixs_cost_is_combed_after_all.py	trough positions	7	EXTEND-SHORT	REVERSAL
receipts/P15_CR_cosmology/P15_no_statistic_this_construction_can_build_resolves_the_two_channels_and_the_phase_step_dies_on_a_matched_width_control.py	terminal exit	6	EXTEND-SHORT	REVERSAL
receipts/P15_CR_cosmology/P15_order_one_answered_negative_the_crossing_cannot_share_a_measure_with_the_layers_parity_because_its_kernel_is_a_function_of_the_degree_and_the_parity_is_a_condition_on_the_charge.py	L -> L	7	EXTEND-SHORT	REVERSAL
receipts/P15_CR_cosmology/P15_the_band_one_departure_is_not_in_the_likelihoods_excess_and_all_three_channels_match_it_in_separating_power.py	product, sum and quadrature	12	EXTEND-SHORT	REVERSAL
receipts/P15_CR_cosmology/P15_the_band_one_departure_is_not_in_the_likelihoods_excess_and_all_three_channels_match_it_in_separating_power.py	separating power	6	EXTEND-SHORT	REVERSAL
receipts/P15_CR_cosmology/P15_the_budget_declaration_rests_on_a_lower_bound_and_the_receipt_that_says_so_measures_the_three_figures_it_rests_on.py	7.5x	5	EXTEND-SHORT	REVERSAL-PARTIAL
receipts/P15_CR_cosmology/P15_the_composition_route_is_answered_negative_too_because_the_eigenvalue_divergence_lives_on_the_leg_the_transport_never_traverses_and_the_odd_ladder_arrives_suppressed_rather_than_absent.py	RAISES every eigenvalue	16	EXTEND-SHORT	REVERSAL-PARTIAL
receipts/P15_CR_cosmology/P15_the_fitted_onset_is_the_wrong_clocks_artefact_because_the_stacking_ruler_keeps_a_square_root_memory_of_the_start_and_the_leaf_ruler_keeps_none.py	D_M = eta_0 - eta_rec	4	EXTEND-SHORT	REVERSAL-PARTIAL
receipts/P15_CR_cosmology/P15_the_history_is_spherically_symmetric_throughout_so_the_chern_simons_number_never_moves.py	a premise of the construction rather than a gap in it	2	EXTEND-SHORT	REVERSAL
receipts/P15_CR_cosmology/P15_the_history_is_spherically_symmetric_throughout_so_the_chern_simons_number_never_moves.py	closed $S^3$	18	EXTEND-SHORT	REVERSAL-PARTIAL
receipts/P15_CR_cosmology/P15_the_low_ell_minimum_is_at_ell_four.py	TWO DEFECTS IN THE SECOND ARM	2	EXTEND-SHORT	REVERSAL
receipts/P15_CR_cosmology/P15_the_progenitor_spectrum_is_defined_before_the_lift_so_the_envelope_applies_to_it_and_the_horizon_scale_on_both_lorentzian_legs_is_the_same_pure_number.py	a fragility	2	EXTEND-SHORT	REVERSAL
receipts/P15_CR_cosmology/P15_the_rate_rule_reaches_the_projection_only_through_the_identification_because_P7_gives_the_lapse_the_rate_and_the_shift_the_appearance_as_distance.py	PRECEDENT ARGUMENT INSIDE THE CONSTRUCTION	4	EXTEND-SHORT	REVERSAL-PARTIAL
receipts/P15_CR_cosmology/P15_the_term_mix_is_the_first_channel_to_produce_cost_where_the_arm_is_rejected_and_the_excess_there_is_combed_at_the_acoustic_period.py	reported before	2	EXTEND-SHORT	REVERSAL-PARTIAL
receipts/P16_cosmogenesis_paper/C13_downstream_irrelevant_is_not_downstream_blocked.py	SCOPE-BY-DESIGN	19	EXTEND-SHORT	REVERSAL
