# r7143+70.1 -- the 50 P10 SCOPE-AS-CHECK sites (T2 LITERAL-TRUE, verdict SCOPE-AS-CHECK), grouped by receipt.
# Read from a live run of scripts/mutate_assertions.py --cannot-fail on this tree; each line number is the literal True verdict.
# Repair (r7141 ruling): PRINT the sentence instead of counting it.  count <TAB> receipt <TAB> lines
8	receipts/P10_canonical_time/P10_the_ratio_is_read_from_the_world_so_the_premise_is_supplied_and_both_framings_are_wrong.py	 158 211 245 270 274 302 306 310
6	receipts/P10_canonical_time/P10_the_vertex_cost_is_the_splits_and_the_ledger_inference_is_a_non_sequitur_so_the_stake_moves.py	 145 205 253 258 274 279
5	receipts/P10_canonical_time/P10_the_ultraviolet_object_is_a_rank_sequence_and_the_ledger_is_at_stake_at_dimension_six_and_not_four.py	 261 423 512 519 523
4	receipts/P10_canonical_time/P10_the_chain_does_not_reach_the_planck_length_and_the_second_order_term_is_bounded_at_the_bounce.py	 151 191 194 219
3	receipts/P10_canonical_time/P10_the_kinetic_cubic_vertex_is_a_split_artefact_and_the_domain_premise_fails_on_the_marginal_branch.py	 606 650 654
3	receipts/P10_canonical_time/P10_the_operator_is_second_order_in_momentum_so_the_weyl_function_is_real_analytic_and_strictly_monotone.py	 418 510 549
3	receipts/P10_canonical_time/P10_the_second_anchor_confirms_the_shift_at_a_level_with_gradients_and_the_criterion_needs_a_weyl_function.py	 434 476 480
2	receipts/P10_canonical_time/P10_step_three_is_written_down_and_it_reverses_the_previous_revisions_own_conclusion_about_the_sign.py	 185 193
2	receipts/P10_canonical_time/P10_the_assembly_gives_both_level_sums_in_the_towers_own_variables_and_the_sign_needs_no_bitensor.py	 617 642
2	receipts/P10_canonical_time/P10_the_level_cubic_vanishes_at_every_even_level_and_the_bound_needs_no_bitensor_because_completeness_gives_a_delta.py	 164 225
2	receipts/P10_canonical_time/P10_the_weighting_preserves_the_two_power_gap_and_the_chain_stops_at_a_sign_carrying_step_nobody_wrote_down.py	 168 182
1	receipts/P10_canonical_time/P10_the_construction_own_regulator_reaches_the_interacting_sum_and_spends_one_counterterm_more_than_the_free_case.py	 222
1	receipts/P10_canonical_time/P10_the_covariant_quartic_is_seven_rationals_carried_by_an_identity_and_no_measurement_route_reaches_them.py	 91
1	receipts/P10_canonical_time/P10_the_cubic_vertex_is_written_down_and_K_is_not_label_independent_so_the_algebraic_channel_is_five_powers_clear.py	 562
1	receipts/P10_canonical_time/P10_the_frequency_shift_is_the_curvature_term_at_every_level_so_the_log_coefficient_is_fifteen_quarters.py	 510
1	receipts/P10_canonical_time/P10_the_odd_residue_is_five_levels_and_the_sign_is_mixed_because_the_vertex_carries_covariant_not_frame_derivatives.py	 513
1	receipts/P10_canonical_time/P10_the_odd_residue_is_the_levels_below_a_crossing_linear_in_one_constant_and_a_count_bounds_terms_not_sizes.py	 209
1	receipts/P10_canonical_time/P10_the_same_level_sum_is_orthogonality_rather_than_an_integral_and_the_completeness_bound_was_loose_by_one_power.py	 235
1	receipts/P10_canonical_time/P10_the_straddle_is_computed.py	 105
1	receipts/P10_canonical_time/P10_the_subtraction_is_at_operator_dimension_six_pinned_three_ways_and_it_is_not_degenerate_so_the_ledger_cost_is_real.py	 227
1	receipts/P10_canonical_time/P10_the_two_anchors_are_already_one_convention_and_they_agree_but_the_candidate_prescription_does_not_close.py	 278
