receipt	line	L	T	paper	printed_ulp	verdict	T_over_half_ulp
receipts/P15_CR_cosmology/C22_the_end_to_end_number.py	151	1.016	0.002	CR_cosmology.tex	0.0001	SLACK	40
receipts/P15_CR_cosmology/P15_the_harmonic_expansion_in_the_proper_frame_is_not_bounded_because_no_slicing_of_it_carries_both_the_discrete_source_and_the_projection_distance.py	190	5051.0	5.0	CR_cosmology.tex	1.0	SLACK	10
receipts/P15_CR_cosmology/C23_the_gap_estimated.py	156	0.01	0.002	CR_cosmology.tex	0.001	SLACK	4
receipts/P15_CR_cosmology/P15_the_harmonic_expansion_in_the_proper_frame_is_not_bounded_because_no_slicing_of_it_carries_both_the_discrete_source_and_the_projection_distance.py	205	7.8	0.15	CR_cosmology.tex	0.1	SLACK	3
receipts/P15_CR_cosmology/P15_the_fitted_onset_is_the_wrong_clocks_artefact_because_the_stacking_ruler_keeps_a_square_root_memory_of_the_start_and_the_leaf_ruler_keeps_none.py	559	0.789	0.03	CR_cosmology.tex	0.001	SLACK	60
receipts/P15_CR_cosmology/P15_the_segments_conformal_length_is_the_closed_form_of_the_papers_own_integral_and_the_two_damping_rates_differ_by_the_sound_speed.py	202	1.96	0.01	CR_cosmology.tex	0.01	SLACK	2
receipts/P15_CR_cosmology/P15_the_projection_join_inverts_the_expected_picture_because_the_odd_degree_lands_lower_than_the_even_floor_and_arrives_less_suppressed_so_the_lowest_multipoles_draw_on_the_degree_the_bound_would_have_removed.py	259	4.868603	1e-05	CR_cosmology.tex	1e-06	SLACK	20
receipts/P15_CR_cosmology/P15_the_height_target_was_below_the_resolution_of_its_own_statistic.py	294	1.03	0.05	CR_cosmology.tex	0.001	SLACK	100
receipts/P15_CR_cosmology/C28_length_against_angle.py	152	10.8	0.1	CR_cosmology.tex	0.1	SLACK	2
receipts/P15_CR_cosmology/C8_diffusion_length.py	134	10.8	0.1	CR_cosmology.tex	0.1	SLACK	2
receipts/P15_CR_cosmology/P15_the_expansion_in_the_de_sitter_presentation_is_not_bounded_either_because_the_sphere_lives_at_zero_mass_and_the_observer_at_the_nariai_one_and_both_closed_kernels_are_excluded_by_the_comb.py	169	5051.0	5.0	CR_cosmology.tex	1.0	SLACK	10
receipts/P15_CR_cosmology/P15_the_freezing_census_is_the_vacuum_curves_own_rate_on_the_branch_the_lift_is_not_on_and_the_turnaround_figure_is_exactly_zero_there.py	157	1.96	0.01	CR_cosmology.tex	0.01	SLACK	2
receipts/P15_CR_cosmology/P15_the_kernels_distance_is_the_observers_own_flat_slice_so_the_rate_rule_does_reach_it_and_the_disagreement_with_the_sky_is_real.py	319	5051.0	5.0	CR_cosmology.tex	1.0	SLACK	10
receipts/P15_CR_cosmology/P15_the_projection_join_inverts_the_expected_picture_because_the_odd_degree_lands_lower_than_the_even_floor_and_arrives_less_suppressed_so_the_lowest_multipoles_draw_on_the_degree_the_bound_would_have_removed.py	253	9.443377	1e-05	CR_cosmology.tex	1e-06	SLACK	20
receipts/P15_CR_cosmology/P15_the_shear_coefficient_derived_not_remembered.py	210	1.1996	0.0012	CR_cosmology.tex	0.0001	SLACK	24
receipts/P15_CR_cosmology/P15_the_height_target_was_below_the_resolution_of_its_own_statistic.py	287	0.0772	0.0005	CR_cosmology.tex	0.0001	SLACK	10
receipts/P15_CR_cosmology/P15_the_harmonic_expansion_in_the_proper_frame_is_not_bounded_because_no_slicing_of_it_carries_both_the_discrete_source_and_the_projection_distance.py	545	5051.0	5.0	CR_cosmology.tex	1.0	SLACK	10
receipts/P15_CR_cosmology/C11_early_isw.py	127	3.8	0.01	CR_cosmology.tex	0.01	SLACK	2
receipts/P15_CR_cosmology/C10_highl_ratio.py	100	1.082	0.001	CR_cosmology.tex	0.001	SLACK	2
receipts/P15_CR_cosmology/P15_the_kernels_distance_is_the_observers_own_flat_slice_so_the_rate_rule_does_reach_it_and_the_disagreement_with_the_sky_is_real.py	170	7.8	0.15	CR_cosmology.tex	0.1	SLACK	3
